EquipmentAssetNo,Status,StartedAt,EndedAt,StopCause,OrderNo,Sequence,Note
EQ-01,Setup,2026-06-29 08:00,2026-06-29 08:28,,,,
EQ-01,Running,2026-06-29 08:28,2026-06-29 12:00,,BLK-SF-0629,10,
EQ-01,Idle,2026-06-29 12:00,2026-06-29 12:51,,,,
EQ-01,Running,2026-06-29 12:51,2026-06-29 16:45,,BLK-SF-0629,10,
EQ-01,Setup,2026-06-29 20:00,2026-06-29 20:29,,,,
EQ-01,Running,2026-06-29 20:29,2026-06-30 00:09,,BLK-SF-0629,10,
EQ-01,Idle,2026-06-30 00:09,2026-06-30 00:53,,,,
EQ-01,Running,2026-06-30 00:53,2026-06-30 04:30,,BLK-SF-0629,10,
EQ-05,Setup,2026-06-29 08:00,2026-06-29 08:42,,,,
EQ-05,Running,2026-06-29 08:42,2026-06-29 11:24,,BLK-SF-0629,10,
EQ-05,Idle,2026-06-29 11:24,2026-06-29 14:24,,,,
EQ-05,Running,2026-06-29 14:24,2026-06-29 15:20,,BLK-SF-0629,10,
EQ-05,Idle,2026-06-29 15:20,2026-06-29 17:00,,,,
EQ-02,Setup,2026-06-29 08:15,2026-06-29 08:31,,,,
EQ-02,Running,2026-06-29 08:31,2026-06-29 11:56,,BLK-FG-0629,10,
EQ-02,Idle,2026-06-29 11:56,2026-06-29 13:03,,,,
EQ-02,Running,2026-06-29 13:03,2026-06-29 16:30,,BLK-FG-0629,10,
EQ-03,Idle,2026-06-29 08:00,2026-06-29 10:07,,,,
EQ-03,Running,2026-06-29 10:07,2026-06-29 11:56,,BLK-FG-0629,20,
EQ-03,Idle,2026-06-29 11:56,2026-06-29 13:06,,,,
EQ-03,Running,2026-06-29 13:06,2026-06-29 15:54,,BLK-FG-0629,20,
EQ-03,Idle,2026-06-29 15:54,2026-06-29 17:00,,,,
EQ-04,Setup,2026-06-29 14:45,2026-06-29 15:00,,,,
EQ-04,Running,2026-06-29 15:00,2026-06-29 17:00,,BLK-FG-0629,30,
EQ-01,Setup,2026-06-30 08:00,2026-06-30 08:39,,,,
EQ-01,Running,2026-06-30 08:39,2026-06-30 12:07,,BLK-SF-0629,10,
EQ-01,Idle,2026-06-30 12:07,2026-06-30 12:53,,,,
EQ-01,Running,2026-06-30 12:53,2026-06-30 16:45,,BLK-SF-0629,10,
EQ-01,Setup,2026-06-30 20:00,2026-06-30 20:27,,,,
EQ-01,Running,2026-06-30 20:27,2026-07-01 00:05,,BLK-SF-0629,10,
EQ-01,Idle,2026-07-01 00:05,2026-07-01 00:40,,,,
EQ-01,Running,2026-07-01 00:40,2026-07-01 04:30,,BLK-SF-0629,10,
EQ-05,Setup,2026-06-30 08:00,2026-06-30 08:54,,,,
EQ-05,Running,2026-06-30 08:54,2026-06-30 11:37,,BLK-SF-0629,10,
EQ-05,Idle,2026-06-30 11:37,2026-06-30 14:25,,,,
EQ-05,Running,2026-06-30 14:25,2026-06-30 15:39,,BLK-SF-0629,10,
EQ-05,Idle,2026-06-30 15:39,2026-06-30 17:00,,,,
EQ-02,Setup,2026-06-30 08:15,2026-06-30 08:24,,,,
EQ-02,Running,2026-06-30 08:24,2026-06-30 12:01,,BLK-FG-0629,10,
EQ-02,Idle,2026-06-30 12:01,2026-06-30 13:06,,,,
EQ-02,Running,2026-06-30 13:06,2026-06-30 16:30,,BLK-FG-0629,10,
EQ-03,Idle,2026-06-30 08:00,2026-06-30 10:05,,,,
EQ-03,Running,2026-06-30 10:05,2026-06-30 11:54,,BLK-FG-0629,20,
EQ-03,Idle,2026-06-30 11:54,2026-06-30 12:55,,,,
EQ-03,Running,2026-06-30 12:55,2026-06-30 15:56,,BLK-FG-0629,20,
EQ-03,Idle,2026-06-30 15:56,2026-06-30 17:00,,,,
EQ-04,Setup,2026-06-30 14:45,2026-06-30 14:54,,,,
EQ-04,Running,2026-06-30 14:54,2026-06-30 17:00,,BLK-FG-0629,30,
EQ-01,Setup,2026-07-01 08:00,2026-07-01 08:28,,,,
EQ-01,Running,2026-07-01 08:28,2026-07-01 11:58,,BLK-SF-0629,10,
EQ-01,Idle,2026-07-01 11:58,2026-07-01 13:00,,,,
EQ-01,Running,2026-07-01 13:00,2026-07-01 16:45,,BLK-SF-0629,10,
EQ-01,Setup,2026-07-01 20:00,2026-07-01 20:18,,,,
EQ-01,Running,2026-07-01 20:18,2026-07-01 23:51,,BLK-SF-0629,10,
EQ-01,Idle,2026-07-01 23:51,2026-07-02 00:52,,,,
EQ-01,Running,2026-07-02 00:52,2026-07-02 04:30,,BLK-SF-0629,10,
EQ-05,Setup,2026-07-01 08:00,2026-07-01 08:36,,,,
EQ-05,Running,2026-07-01 08:36,2026-07-01 11:32,,BLK-SF-0629,10,
EQ-05,Idle,2026-07-01 11:32,2026-07-01 14:36,,,,
EQ-05,Running,2026-07-01 14:36,2026-07-01 15:21,,BLK-SF-0629,10,
EQ-05,Idle,2026-07-01 15:21,2026-07-01 17:00,,,,
EQ-02,Setup,2026-07-01 08:15,2026-07-01 08:40,,,,
EQ-02,Running,2026-07-01 08:40,2026-07-01 11:59,,BLK-FG-0629,10,
EQ-02,Idle,2026-07-01 11:59,2026-07-01 12:53,,,,
EQ-02,Running,2026-07-01 12:53,2026-07-01 16:30,,BLK-FG-0629,10,
EQ-03,Idle,2026-07-01 08:00,2026-07-01 09:56,,,,
EQ-03,Running,2026-07-01 09:56,2026-07-01 11:51,,BLK-FG-0629,20,
EQ-03,Idle,2026-07-01 11:51,2026-07-01 12:53,,,,
EQ-03,Running,2026-07-01 12:53,2026-07-01 16:06,,BLK-FG-0629,20,
EQ-03,Idle,2026-07-01 16:06,2026-07-01 17:00,,,,
EQ-04,Setup,2026-07-01 14:45,2026-07-01 15:05,,,,
EQ-04,Running,2026-07-01 15:05,2026-07-01 17:00,,BLK-FG-0629,30,
EQ-01,Setup,2026-07-02 08:00,2026-07-02 08:28,,,,
EQ-01,Running,2026-07-02 08:28,2026-07-02 12:00,,BLK-SF-0629,10,
EQ-01,Idle,2026-07-02 12:00,2026-07-02 12:55,,,,
EQ-01,Running,2026-07-02 12:55,2026-07-02 16:45,,BLK-SF-0629,10,
EQ-01,Setup,2026-07-02 20:00,2026-07-02 20:21,,,,
EQ-01,Running,2026-07-02 20:21,2026-07-02 23:57,,BLK-SF-0629,10,
EQ-01,Idle,2026-07-02 23:57,2026-07-03 00:36,,,,
EQ-01,Running,2026-07-03 00:36,2026-07-03 04:30,,BLK-SF-0629,10,
EQ-05,Setup,2026-07-02 08:00,2026-07-02 08:36,,,,
EQ-05,Running,2026-07-02 08:36,2026-07-02 11:27,,BLK-SF-0629,10,
EQ-05,Idle,2026-07-02 11:27,2026-07-02 14:28,,,,
EQ-05,Running,2026-07-02 14:28,2026-07-02 15:30,,BLK-SF-0629,10,
EQ-05,Idle,2026-07-02 15:30,2026-07-02 17:00,,,,
EQ-02,Setup,2026-07-02 08:15,2026-07-02 08:27,,,,
EQ-02,Running,2026-07-02 08:27,2026-07-02 11:53,,BLK-FG-0629,10,
EQ-02,Idle,2026-07-02 11:53,2026-07-02 12:53,,,,
EQ-02,Running,2026-07-02 12:53,2026-07-02 16:30,,BLK-FG-0629,10,
EQ-03,Idle,2026-07-02 08:00,2026-07-02 09:50,,,,
EQ-03,Running,2026-07-02 09:50,2026-07-02 12:00,,BLK-FG-0629,20,
EQ-03,Idle,2026-07-02 12:00,2026-07-02 12:50,,,,
EQ-03,Running,2026-07-02 12:50,2026-07-02 16:05,,BLK-FG-0629,20,
EQ-03,Idle,2026-07-02 16:05,2026-07-02 17:00,,,,
EQ-04,Setup,2026-07-02 14:45,2026-07-02 14:54,,,,
EQ-04,Running,2026-07-02 14:54,2026-07-02 17:00,,BLK-FG-0629,30,
EQ-01,Setup,2026-07-03 08:00,2026-07-03 08:25,,,,
EQ-01,Running,2026-07-03 08:25,2026-07-03 12:00,,BLK-SF-0629,10,
EQ-01,Idle,2026-07-03 12:00,2026-07-03 13:04,,,,
EQ-01,Running,2026-07-03 13:04,2026-07-03 16:45,,BLK-SF-0629,10,
EQ-01,Setup,2026-07-03 20:00,2026-07-03 20:16,,,,
EQ-01,Running,2026-07-03 20:16,2026-07-03 23:59,,BLK-SF-0629,10,
EQ-01,Idle,2026-07-03 23:59,2026-07-04 00:51,,,,
EQ-01,Running,2026-07-04 00:51,2026-07-04 04:30,,BLK-SF-0629,10,
EQ-05,Setup,2026-07-03 08:00,2026-07-03 08:42,,,,
EQ-05,Running,2026-07-03 08:42,2026-07-03 11:22,,BLK-SF-0629,10,
EQ-05,Idle,2026-07-03 11:22,2026-07-03 14:39,,,,
EQ-05,Running,2026-07-03 14:39,2026-07-03 15:27,,BLK-SF-0629,10,
EQ-05,Idle,2026-07-03 15:27,2026-07-03 17:00,,,,
EQ-02,Setup,2026-07-03 08:15,2026-07-03 08:31,,,,
EQ-02,Running,2026-07-03 08:31,2026-07-03 12:08,,BLK-FG-0629,10,
EQ-02,Idle,2026-07-03 12:08,2026-07-03 12:52,,,,
EQ-02,Running,2026-07-03 12:52,2026-07-03 16:30,,BLK-FG-0629,10,
EQ-03,Idle,2026-07-03 08:00,2026-07-03 10:01,,,,
EQ-03,Running,2026-07-03 10:01,2026-07-03 12:02,,BLK-FG-0629,20,
EQ-03,Idle,2026-07-03 12:02,2026-07-03 13:04,,,,
EQ-03,Running,2026-07-03 13:04,2026-07-03 16:07,,BLK-FG-0629,20,
EQ-03,Idle,2026-07-03 16:07,2026-07-03 17:00,,,,
EQ-04,Setup,2026-07-03 14:45,2026-07-03 14:55,,,,
EQ-04,Running,2026-07-03 14:55,2026-07-03 17:00,,BLK-FG-0629,30,
EQ-01,Setup,2026-07-04 08:00,2026-07-04 08:38,,,,
EQ-01,Running,2026-07-04 08:38,2026-07-04 12:03,,BLK-SF-0629,10,
EQ-01,Idle,2026-07-04 12:03,2026-07-04 12:50,,,,
EQ-01,Running,2026-07-04 12:50,2026-07-04 16:45,,BLK-SF-0629,10,
EQ-05,Setup,2026-07-04 08:00,2026-07-04 08:37,,,,
EQ-05,Running,2026-07-04 08:37,2026-07-04 11:40,,BLK-SF-0629,10,
EQ-05,Idle,2026-07-04 11:40,2026-07-04 14:27,,,,
EQ-05,Running,2026-07-04 14:27,2026-07-04 15:23,,BLK-SF-0629,10,
EQ-05,Idle,2026-07-04 15:23,2026-07-04 17:00,,,,
EQ-01,Setup,2026-07-06 08:00,2026-07-06 08:35,,,,
EQ-01,Running,2026-07-06 08:35,2026-07-06 12:07,,BLK-SF-0706,10,
EQ-01,Idle,2026-07-06 12:07,2026-07-06 13:06,,,,
EQ-01,Running,2026-07-06 13:06,2026-07-06 16:45,,BLK-SF-0706,10,
EQ-01,Setup,2026-07-06 20:00,2026-07-06 20:12,,,,
EQ-01,Running,2026-07-06 20:12,2026-07-06 23:53,,BLK-SF-0706,10,
EQ-01,Idle,2026-07-06 23:53,2026-07-07 00:52,,,,
EQ-01,Running,2026-07-07 00:52,2026-07-07 04:30,,BLK-SF-0706,10,
EQ-05,Setup,2026-07-06 08:00,2026-07-06 08:53,,,,
EQ-05,Running,2026-07-06 08:53,2026-07-06 11:28,,BLK-SF-0706,10,
EQ-05,Idle,2026-07-06 11:28,2026-07-06 14:34,,,,
EQ-05,Running,2026-07-06 14:34,2026-07-06 15:29,,BLK-SF-0706,10,
EQ-05,Idle,2026-07-06 15:29,2026-07-06 17:00,,,,
EQ-02,Setup,2026-07-06 08:15,2026-07-06 08:24,,,,
EQ-02,Running,2026-07-06 08:24,2026-07-06 11:57,,BLK-FG-0706,10,
EQ-02,Idle,2026-07-06 11:57,2026-07-06 12:59,,,,
EQ-02,Running,2026-07-06 12:59,2026-07-06 16:30,,BLK-FG-0706,10,
EQ-03,Idle,2026-07-06 08:00,2026-07-06 09:59,,,,
EQ-03,Running,2026-07-06 09:59,2026-07-06 12:09,,BLK-FG-0706,20,
EQ-03,Idle,2026-07-06 12:09,2026-07-06 12:55,,,,
EQ-03,Running,2026-07-06 12:55,2026-07-06 16:06,,BLK-FG-0706,20,
EQ-03,Idle,2026-07-06 16:06,2026-07-06 17:00,,,,
EQ-04,Setup,2026-07-06 14:45,2026-07-06 15:01,,,,
EQ-04,Running,2026-07-06 15:01,2026-07-06 17:00,,BLK-FG-0706,30,
EQ-01,Setup,2026-07-07 08:00,2026-07-07 08:36,,,,
EQ-01,Running,2026-07-07 08:36,2026-07-07 11:55,,BLK-SF-0706,10,
EQ-01,Idle,2026-07-07 11:55,2026-07-07 13:02,,,,
EQ-01,Running,2026-07-07 13:02,2026-07-07 16:45,,BLK-SF-0706,10,
EQ-01,Setup,2026-07-07 20:00,2026-07-07 20:24,,,,
EQ-01,Running,2026-07-07 20:24,2026-07-08 00:08,,BLK-SF-0706,10,
EQ-01,Idle,2026-07-08 00:08,2026-07-08 00:45,,,,
EQ-01,Running,2026-07-08 00:45,2026-07-08 04:30,,BLK-SF-0706,10,
EQ-05,Setup,2026-07-07 08:00,2026-07-07 08:47,,,,
EQ-05,Running,2026-07-07 08:47,2026-07-07 11:22,,BLK-SF-0706,10,
EQ-05,Idle,2026-07-07 11:22,2026-07-07 14:30,,,,
EQ-05,Running,2026-07-07 14:30,2026-07-07 15:37,,BLK-SF-0706,10,
EQ-05,Idle,2026-07-07 15:37,2026-07-07 17:00,,,,
EQ-02,Setup,2026-07-07 08:15,2026-07-07 08:29,,,,
EQ-02,Running,2026-07-07 08:29,2026-07-07 11:54,,BLK-FG-0706,10,
EQ-02,Idle,2026-07-07 11:54,2026-07-07 12:59,,,,
EQ-02,Running,2026-07-07 12:59,2026-07-07 16:30,,BLK-FG-0706,10,
EQ-03,Idle,2026-07-07 08:00,2026-07-07 09:52,,,,
EQ-03,Running,2026-07-07 09:52,2026-07-07 12:05,,BLK-FG-0706,20,
EQ-03,Idle,2026-07-07 12:05,2026-07-07 12:50,,,,
EQ-03,Running,2026-07-07 12:50,2026-07-07 15:58,,BLK-FG-0706,20,
EQ-03,Idle,2026-07-07 15:58,2026-07-07 17:00,,,,
EQ-04,Setup,2026-07-07 14:45,2026-07-07 14:59,,,,
EQ-04,Running,2026-07-07 14:59,2026-07-07 17:00,,BLK-FG-0706,30,
EQ-01,Setup,2026-07-08 08:00,2026-07-08 08:31,,,,
EQ-01,Running,2026-07-08 08:31,2026-07-08 12:03,,BLK-SF-0706,10,
EQ-01,Idle,2026-07-08 12:03,2026-07-08 13:04,,,,
EQ-01,Running,2026-07-08 13:04,2026-07-08 14:33,,BLK-SF-0706,10,
EQ-01,Stopped,2026-07-08 14:33,2026-07-08 15:23,材料待ち,,,
EQ-01,Running,2026-07-08 15:23,2026-07-08 16:45,,BLK-SF-0706,10,
EQ-01,Setup,2026-07-08 20:00,2026-07-08 20:14,,,,
EQ-01,Running,2026-07-08 20:14,2026-07-09 00:03,,BLK-SF-0706,10,
EQ-01,Idle,2026-07-09 00:03,2026-07-09 00:42,,,,
EQ-01,Running,2026-07-09 00:42,2026-07-09 04:30,,BLK-SF-0706,10,
EQ-05,Setup,2026-07-08 08:00,2026-07-08 08:40,,,,
EQ-05,Running,2026-07-08 08:40,2026-07-08 11:34,,BLK-SF-0706,10,
EQ-05,Idle,2026-07-08 11:34,2026-07-08 14:35,,,,
EQ-05,Running,2026-07-08 14:35,2026-07-08 15:27,,BLK-SF-0706,10,
EQ-05,Idle,2026-07-08 15:27,2026-07-08 17:00,,,,
EQ-02,Setup,2026-07-08 08:15,2026-07-08 08:32,,,,
EQ-02,Running,2026-07-08 08:32,2026-07-08 12:09,,BLK-FG-0706,10,
EQ-02,Idle,2026-07-08 12:09,2026-07-08 13:03,,,,
EQ-02,Running,2026-07-08 13:03,2026-07-08 16:30,,BLK-FG-0706,10,
EQ-03,Idle,2026-07-08 08:00,2026-07-08 09:54,,,,
EQ-03,Running,2026-07-08 09:54,2026-07-08 12:03,,BLK-FG-0706,20,
EQ-03,Idle,2026-07-08 12:03,2026-07-08 13:01,,,,
EQ-03,Running,2026-07-08 13:01,2026-07-08 16:00,,BLK-FG-0706,20,
EQ-03,Idle,2026-07-08 16:00,2026-07-08 17:00,,,,
EQ-04,Setup,2026-07-08 14:45,2026-07-08 14:53,,,,
EQ-04,Running,2026-07-08 14:53,2026-07-08 17:00,,BLK-FG-0706,30,
EQ-01,Setup,2026-07-09 08:00,2026-07-09 08:34,,,,
EQ-01,Running,2026-07-09 08:34,2026-07-09 11:59,,BLK-SF-0706,10,
EQ-01,Idle,2026-07-09 11:59,2026-07-09 12:56,,,,
EQ-01,Running,2026-07-09 12:56,2026-07-09 16:45,,BLK-SF-0706,10,
EQ-01,Setup,2026-07-09 20:00,2026-07-09 20:23,,,,
EQ-01,Running,2026-07-09 20:23,2026-07-09 23:58,,BLK-SF-0706,10,
EQ-01,Idle,2026-07-09 23:58,2026-07-10 00:41,,,,
EQ-01,Running,2026-07-10 00:41,2026-07-10 04:30,,BLK-SF-0706,10,
EQ-05,Setup,2026-07-09 08:00,2026-07-09 08:47,,,,
EQ-05,Running,2026-07-09 08:47,2026-07-09 11:25,,BLK-SF-0706,10,
EQ-05,Idle,2026-07-09 11:25,2026-07-09 14:31,,,,
EQ-05,Running,2026-07-09 14:31,2026-07-09 15:21,,BLK-SF-0706,10,
EQ-05,Idle,2026-07-09 15:21,2026-07-09 17:00,,,,
EQ-02,Setup,2026-07-09 08:15,2026-07-09 08:21,,,,
EQ-02,Running,2026-07-09 08:21,2026-07-09 12:00,,BLK-FG-0706,10,
EQ-02,Idle,2026-07-09 12:00,2026-07-09 13:01,,,,
EQ-02,Running,2026-07-09 13:01,2026-07-09 16:30,,BLK-FG-0706,10,
EQ-03,Idle,2026-07-09 08:00,2026-07-09 10:00,,,,
EQ-03,Running,2026-07-09 10:00,2026-07-09 11:59,,BLK-FG-0706,20,
EQ-03,Idle,2026-07-09 11:59,2026-07-09 12:53,,,,
EQ-03,Running,2026-07-09 12:53,2026-07-09 15:58,,BLK-FG-0706,20,
EQ-03,Idle,2026-07-09 15:58,2026-07-09 17:00,,,,
EQ-04,Setup,2026-07-09 14:45,2026-07-09 14:52,,,,
EQ-04,Running,2026-07-09 14:52,2026-07-09 17:00,,BLK-FG-0706,30,
EQ-01,Setup,2026-07-10 08:00,2026-07-10 08:30,,,,
EQ-01,Running,2026-07-10 08:30,2026-07-10 12:07,,BLK-SF-0706,10,
EQ-01,Idle,2026-07-10 12:07,2026-07-10 12:52,,,,
EQ-01,Running,2026-07-10 12:52,2026-07-10 16:45,,BLK-SF-0706,10,
EQ-01,Setup,2026-07-10 20:00,2026-07-10 20:19,,,,
EQ-01,Running,2026-07-10 20:19,2026-07-11 00:08,,BLK-SF-0706,10,
EQ-01,Idle,2026-07-11 00:08,2026-07-11 00:48,,,,
EQ-01,Running,2026-07-11 00:48,2026-07-11 04:30,,BLK-SF-0706,10,
EQ-05,Setup,2026-07-10 08:00,2026-07-10 08:45,,,,
EQ-05,Running,2026-07-10 08:45,2026-07-10 11:36,,BLK-SF-0706,10,
EQ-05,Idle,2026-07-10 11:36,2026-07-10 14:26,,,,
EQ-05,Running,2026-07-10 14:26,2026-07-10 15:26,,BLK-SF-0706,10,
EQ-05,Idle,2026-07-10 15:26,2026-07-10 17:00,,,,
EQ-02,Setup,2026-07-10 08:15,2026-07-10 08:33,,,,
EQ-02,Running,2026-07-10 08:33,2026-07-10 12:01,,BLK-FG-0706,10,
EQ-02,Idle,2026-07-10 12:01,2026-07-10 13:03,,,,
EQ-02,Running,2026-07-10 13:03,2026-07-10 16:30,,BLK-FG-0706,10,
EQ-03,Idle,2026-07-10 08:00,2026-07-10 09:59,,,,
EQ-03,Running,2026-07-10 09:59,2026-07-10 12:08,,BLK-FG-0706,20,
EQ-03,Idle,2026-07-10 12:08,2026-07-10 12:56,,,,
EQ-03,Running,2026-07-10 12:56,2026-07-10 16:06,,BLK-FG-0706,20,
EQ-03,Idle,2026-07-10 16:06,2026-07-10 17:00,,,,
EQ-04,Setup,2026-07-10 14:45,2026-07-10 14:50,,,,
EQ-04,Running,2026-07-10 14:50,2026-07-10 17:00,,BLK-FG-0706,30,
EQ-01,Setup,2026-07-13 08:00,2026-07-13 08:33,,,,
EQ-01,Running,2026-07-13 08:33,2026-07-13 11:50,,BLK-SF-0713,10,
EQ-01,Idle,2026-07-13 11:50,2026-07-13 12:54,,,,
EQ-01,Running,2026-07-13 12:54,2026-07-13 16:45,,BLK-SF-0713,10,
EQ-01,Setup,2026-07-13 20:00,2026-07-13 20:25,,,,
EQ-01,Running,2026-07-13 20:25,2026-07-14 00:01,,BLK-SF-0713,10,
EQ-01,Idle,2026-07-14 00:01,2026-07-14 00:43,,,,
EQ-01,Running,2026-07-14 00:43,2026-07-14 04:30,,BLK-SF-0713,10,
EQ-05,Setup,2026-07-13 08:00,2026-07-13 08:43,,,,
EQ-05,Running,2026-07-13 08:43,2026-07-13 11:20,,BLK-SF-0713,10,
EQ-05,Idle,2026-07-13 11:20,2026-07-13 14:36,,,,
EQ-05,Running,2026-07-13 14:36,2026-07-13 15:23,,BLK-SF-0713,10,
EQ-05,Idle,2026-07-13 15:23,2026-07-13 17:00,,,,
EQ-02,Setup,2026-07-13 08:15,2026-07-13 08:37,,,,
EQ-02,Running,2026-07-13 08:37,2026-07-13 11:57,,BLK-FG-0713,10,
EQ-02,Idle,2026-07-13 11:57,2026-07-13 13:04,,,,
EQ-02,Running,2026-07-13 13:04,2026-07-13 16:30,,BLK-FG-0713,10,
EQ-03,Idle,2026-07-13 08:00,2026-07-13 10:03,,,,
EQ-03,Running,2026-07-13 10:03,2026-07-13 12:09,,BLK-FG-0713,20,
EQ-03,Idle,2026-07-13 12:09,2026-07-13 13:06,,,,
EQ-03,Running,2026-07-13 13:06,2026-07-13 16:02,,BLK-FG-0713,20,
EQ-03,Idle,2026-07-13 16:02,2026-07-13 17:00,,,,
EQ-04,Setup,2026-07-13 14:45,2026-07-13 15:07,,,,
EQ-04,Running,2026-07-13 15:07,2026-07-13 17:00,,BLK-FG-0713,30,
EQ-01,Setup,2026-07-14 08:00,2026-07-14 08:36,,,,
EQ-01,Running,2026-07-14 08:36,2026-07-14 11:59,,BLK-SF-0713,10,
EQ-01,Idle,2026-07-14 11:59,2026-07-14 12:54,,,,
EQ-01,Running,2026-07-14 12:54,2026-07-14 16:45,,BLK-SF-0713,10,
EQ-01,Setup,2026-07-14 20:00,2026-07-14 20:17,,,,
EQ-01,Running,2026-07-14 20:17,2026-07-15 00:05,,BLK-SF-0713,10,
EQ-01,Idle,2026-07-15 00:05,2026-07-15 00:47,,,,
EQ-01,Running,2026-07-15 00:47,2026-07-15 04:30,,BLK-SF-0713,10,
EQ-05,Setup,2026-07-14 08:00,2026-07-14 08:41,,,,
EQ-05,Running,2026-07-14 08:41,2026-07-14 11:39,,BLK-SF-0713,10,
EQ-05,Idle,2026-07-14 11:39,2026-07-14 14:38,,,,
EQ-05,Running,2026-07-14 14:38,2026-07-14 15:29,,BLK-SF-0713,10,
EQ-05,Idle,2026-07-14 15:29,2026-07-14 17:00,,,,
EQ-02,Setup,2026-07-14 08:15,2026-07-14 08:38,,,,
EQ-02,Running,2026-07-14 08:38,2026-07-14 11:50,,BLK-FG-0713,10,
EQ-02,Idle,2026-07-14 11:50,2026-07-14 13:05,,,,
EQ-02,Running,2026-07-14 13:05,2026-07-14 16:30,,BLK-FG-0713,10,
EQ-03,Idle,2026-07-14 08:00,2026-07-14 10:10,,,,
EQ-03,Running,2026-07-14 10:10,2026-07-14 12:10,,BLK-FG-0713,20,
EQ-03,Idle,2026-07-14 12:10,2026-07-14 12:54,,,,
EQ-03,Running,2026-07-14 12:54,2026-07-14 16:09,,BLK-FG-0713,20,
EQ-03,Idle,2026-07-14 16:09,2026-07-14 17:00,,,,
EQ-04,Setup,2026-07-14 14:45,2026-07-14 15:07,,,,
EQ-04,Running,2026-07-14 15:07,2026-07-14 17:00,,BLK-FG-0713,30,
EQ-01,Setup,2026-07-15 08:00,2026-07-15 08:38,,,,
EQ-01,Running,2026-07-15 08:38,2026-07-15 11:56,,BLK-SF-0713,10,
EQ-01,Idle,2026-07-15 11:56,2026-07-15 12:56,,,,
EQ-01,Running,2026-07-15 12:56,2026-07-15 16:45,,BLK-SF-0713,10,
EQ-01,Setup,2026-07-15 20:00,2026-07-15 20:22,,,,
EQ-01,Running,2026-07-15 20:22,2026-07-15 23:54,,BLK-SF-0713,10,
EQ-01,Idle,2026-07-15 23:54,2026-07-16 00:43,,,,
EQ-01,Running,2026-07-16 00:43,2026-07-16 04:30,,BLK-SF-0713,10,
EQ-05,Setup,2026-07-15 08:00,2026-07-15 08:49,,,,
EQ-05,Running,2026-07-15 08:49,2026-07-15 11:35,,BLK-SF-0713,10,
EQ-05,Idle,2026-07-15 11:35,2026-07-15 14:34,,,,
EQ-05,Running,2026-07-15 14:34,2026-07-15 15:20,,BLK-SF-0713,10,
EQ-05,Idle,2026-07-15 15:20,2026-07-15 17:00,,,,
EQ-02,Setup,2026-07-15 08:15,2026-07-15 08:20,,,,
EQ-02,Running,2026-07-15 08:20,2026-07-15 11:50,,BLK-FG-0713,10,
EQ-02,Idle,2026-07-15 11:50,2026-07-15 12:57,,,,
EQ-02,Running,2026-07-15 12:57,2026-07-15 16:30,,BLK-FG-0713,10,
EQ-03,Idle,2026-07-15 08:00,2026-07-15 09:56,,,,
EQ-03,Running,2026-07-15 09:56,2026-07-15 12:09,,BLK-FG-0713,20,
EQ-03,Idle,2026-07-15 12:09,2026-07-15 12:53,,,,
EQ-03,Running,2026-07-15 12:53,2026-07-15 16:09,,BLK-FG-0713,20,
EQ-03,Idle,2026-07-15 16:09,2026-07-15 17:00,,,,
EQ-04,Setup,2026-07-15 14:45,2026-07-15 14:53,,,,
EQ-04,Running,2026-07-15 14:53,2026-07-15 17:00,,BLK-FG-0713,30,
EQ-01,Setup,2026-07-16 08:00,2026-07-16 08:28,,,,
EQ-01,Running,2026-07-16 08:28,2026-07-16 12:08,,BLK-SF-0713,10,
EQ-01,Idle,2026-07-16 12:08,2026-07-16 12:57,,,,
EQ-01,Running,2026-07-16 12:57,2026-07-16 16:45,,BLK-SF-0713,10,
EQ-01,Setup,2026-07-16 20:00,2026-07-16 20:30,,,,
EQ-01,Running,2026-07-16 20:30,2026-07-16 23:53,,BLK-SF-0713,10,
EQ-01,Idle,2026-07-16 23:53,2026-07-17 00:48,,,,
EQ-01,Running,2026-07-17 00:48,2026-07-17 04:30,,BLK-SF-0713,10,
EQ-05,Setup,2026-07-16 08:00,2026-07-16 08:38,,,,
EQ-05,Running,2026-07-16 08:38,2026-07-16 11:20,,BLK-SF-0713,10,
EQ-05,Idle,2026-07-16 11:20,2026-07-16 14:22,,,,
EQ-05,Running,2026-07-16 14:22,2026-07-16 15:24,,BLK-SF-0713,10,
EQ-05,Idle,2026-07-16 15:24,2026-07-16 17:00,,,,
EQ-02,Setup,2026-07-16 08:15,2026-07-16 08:33,,,,
EQ-02,Running,2026-07-16 08:33,2026-07-16 11:59,,BLK-FG-0713,10,
EQ-02,Idle,2026-07-16 11:59,2026-07-16 12:50,,,,
EQ-02,Running,2026-07-16 12:50,2026-07-16 16:30,,BLK-FG-0713,10,
EQ-03,Idle,2026-07-16 08:00,2026-07-16 09:50,,,,
EQ-03,Running,2026-07-16 09:50,2026-07-16 11:52,,BLK-FG-0713,20,
EQ-03,Idle,2026-07-16 11:52,2026-07-16 12:54,,,,
EQ-03,Running,2026-07-16 12:54,2026-07-16 16:04,,BLK-FG-0713,20,
EQ-03,Idle,2026-07-16 16:04,2026-07-16 17:00,,,,
EQ-04,Setup,2026-07-16 14:45,2026-07-16 15:08,,,,
EQ-04,Running,2026-07-16 15:08,2026-07-16 17:00,,BLK-FG-0713,30,
EQ-01,Setup,2026-07-17 08:00,2026-07-17 08:29,,,,
EQ-01,Running,2026-07-17 08:29,2026-07-17 11:59,,BLK-SF-0713,10,
EQ-01,Idle,2026-07-17 11:59,2026-07-17 13:04,,,,
EQ-01,Running,2026-07-17 13:04,2026-07-17 16:45,,BLK-SF-0713,10,
EQ-01,Setup,2026-07-17 20:00,2026-07-17 20:21,,,,
EQ-01,Running,2026-07-17 20:21,2026-07-17 23:57,,BLK-SF-0713,10,
EQ-01,Idle,2026-07-17 23:57,2026-07-18 00:46,,,,
EQ-01,Running,2026-07-18 00:46,2026-07-18 04:30,,BLK-SF-0713,10,
EQ-05,Setup,2026-07-17 08:00,2026-07-17 08:48,,,,
EQ-05,Running,2026-07-17 08:48,2026-07-17 11:22,,BLK-SF-0713,10,
EQ-05,Idle,2026-07-17 11:22,2026-07-17 14:37,,,,
EQ-05,Running,2026-07-17 14:37,2026-07-17 15:20,,BLK-SF-0713,10,
EQ-05,Idle,2026-07-17 15:20,2026-07-17 17:00,,,,
EQ-02,Setup,2026-07-17 08:15,2026-07-17 08:34,,,,
EQ-02,Running,2026-07-17 08:34,2026-07-17 12:08,,BLK-FG-0713,10,
EQ-02,Idle,2026-07-17 12:08,2026-07-17 13:08,,,,
EQ-02,Running,2026-07-17 13:08,2026-07-17 16:30,,BLK-FG-0713,10,
EQ-03,Idle,2026-07-17 08:00,2026-07-17 09:54,,,,
EQ-03,Running,2026-07-17 09:54,2026-07-17 11:53,,BLK-FG-0713,20,
EQ-03,Idle,2026-07-17 11:53,2026-07-17 13:01,,,,
EQ-03,Running,2026-07-17 13:01,2026-07-17 15:52,,BLK-FG-0713,20,
EQ-03,Idle,2026-07-17 15:52,2026-07-17 17:00,,,,
EQ-04,Setup,2026-07-17 14:45,2026-07-17 15:09,,,,
EQ-04,Running,2026-07-17 15:09,2026-07-17 17:00,,BLK-FG-0713,30,
EQ-01,Setup,2026-07-18 08:00,2026-07-18 08:28,,,,
EQ-01,Running,2026-07-18 08:28,2026-07-18 12:09,,BLK-SF-0713,10,
EQ-01,Idle,2026-07-18 12:09,2026-07-18 12:50,,,,
EQ-01,Running,2026-07-18 12:50,2026-07-18 16:45,,BLK-SF-0713,10,
EQ-05,Setup,2026-07-18 08:00,2026-07-18 08:35,,,,
EQ-05,Running,2026-07-18 08:35,2026-07-18 11:30,,BLK-SF-0713,10,
EQ-05,Idle,2026-07-18 11:30,2026-07-18 14:36,,,,
EQ-05,Running,2026-07-18 14:36,2026-07-18 15:28,,BLK-SF-0713,10,
EQ-05,Idle,2026-07-18 15:28,2026-07-18 17:00,,,,
EQ-01,Setup,2026-07-20 08:00,2026-07-20 08:27,,,,
EQ-01,Running,2026-07-20 08:27,2026-07-20 11:57,,BLK-SF-0720,10,
EQ-01,Idle,2026-07-20 11:57,2026-07-20 13:04,,,,
EQ-01,Running,2026-07-20 13:04,2026-07-20 16:45,,BLK-SF-0720,10,
EQ-01,Setup,2026-07-20 20:00,2026-07-20 20:26,,,,
EQ-01,Running,2026-07-20 20:26,2026-07-21 00:00,,BLK-SF-0720,10,
EQ-01,Idle,2026-07-21 00:00,2026-07-21 00:36,,,,
EQ-01,Running,2026-07-21 00:36,2026-07-21 04:30,,BLK-SF-0720,10,
EQ-05,Setup,2026-07-20 08:00,2026-07-20 08:54,,,,
EQ-05,Running,2026-07-20 08:54,2026-07-20 11:39,,BLK-SF-0720,10,
EQ-05,Idle,2026-07-20 11:39,2026-07-20 14:36,,,,
EQ-05,Running,2026-07-20 14:36,2026-07-20 15:30,,BLK-SF-0720,10,
EQ-05,Idle,2026-07-20 15:30,2026-07-20 17:00,,,,
EQ-02,Setup,2026-07-20 08:15,2026-07-20 08:27,,,,
EQ-02,Running,2026-07-20 08:27,2026-07-20 11:51,,BLK-FG-0720,10,
EQ-02,Idle,2026-07-20 11:51,2026-07-20 12:54,,,,
EQ-02,Running,2026-07-20 12:54,2026-07-20 16:30,,BLK-FG-0720,10,
EQ-03,Idle,2026-07-20 08:00,2026-07-20 09:53,,,,
EQ-03,Running,2026-07-20 09:53,2026-07-20 12:06,,BLK-FG-0720,20,
EQ-03,Idle,2026-07-20 12:06,2026-07-20 13:10,,,,
EQ-03,Running,2026-07-20 13:10,2026-07-20 16:08,,BLK-FG-0720,20,
EQ-03,Idle,2026-07-20 16:08,2026-07-20 17:00,,,,
EQ-04,Setup,2026-07-20 14:45,2026-07-20 14:51,,,,
EQ-04,Running,2026-07-20 14:51,2026-07-20 17:00,,BLK-FG-0720,30,
EQ-01,Setup,2026-07-21 08:00,2026-07-21 08:34,,,,
EQ-01,Running,2026-07-21 08:34,2026-07-21 11:55,,BLK-SF-0720,10,
EQ-01,Idle,2026-07-21 11:55,2026-07-21 12:54,,,,
EQ-01,Running,2026-07-21 12:54,2026-07-21 16:45,,BLK-SF-0720,10,
EQ-01,Setup,2026-07-21 20:00,2026-07-21 20:21,,,,
EQ-01,Running,2026-07-21 20:21,2026-07-22 00:03,,BLK-SF-0720,10,
EQ-01,Idle,2026-07-22 00:03,2026-07-22 00:52,,,,
EQ-01,Running,2026-07-22 00:52,2026-07-22 04:30,,BLK-SF-0720,10,
EQ-05,Setup,2026-07-21 08:00,2026-07-21 08:47,,,,
EQ-05,Running,2026-07-21 08:47,2026-07-21 11:28,,BLK-SF-0720,10,
EQ-05,Idle,2026-07-21 11:28,2026-07-21 14:39,,,,
EQ-05,Running,2026-07-21 14:39,2026-07-21 15:21,,BLK-SF-0720,10,
EQ-05,Idle,2026-07-21 15:21,2026-07-21 17:00,,,,
EQ-02,Setup,2026-07-21 08:15,2026-07-21 08:32,,,,
EQ-02,Running,2026-07-21 08:32,2026-07-21 12:08,,BLK-FG-0720,10,
EQ-02,Idle,2026-07-21 12:08,2026-07-21 13:08,,,,
EQ-02,Running,2026-07-21 13:08,2026-07-21 16:30,,BLK-FG-0720,10,
EQ-03,Idle,2026-07-21 08:00,2026-07-21 09:54,,,,
EQ-03,Running,2026-07-21 09:54,2026-07-21 11:58,,BLK-FG-0720,20,
EQ-03,Idle,2026-07-21 11:58,2026-07-21 13:06,,,,
EQ-03,Running,2026-07-21 13:06,2026-07-21 15:54,,BLK-FG-0720,20,
EQ-03,Idle,2026-07-21 15:54,2026-07-21 17:00,,,,
EQ-04,Setup,2026-07-21 14:45,2026-07-21 14:58,,,,
EQ-04,Running,2026-07-21 14:58,2026-07-21 17:00,,BLK-FG-0720,30,
EQ-01,Setup,2026-07-22 08:00,2026-07-22 08:25,,,,
EQ-01,Running,2026-07-22 08:25,2026-07-22 11:55,,BLK-SF-0720,10,
EQ-01,Idle,2026-07-22 11:55,2026-07-22 13:05,,,,
EQ-01,Running,2026-07-22 13:05,2026-07-22 16:45,,BLK-SF-0720,10,
EQ-01,Setup,2026-07-22 20:00,2026-07-22 20:27,,,,
EQ-01,Running,2026-07-22 20:27,2026-07-23 00:09,,BLK-SF-0720,10,
EQ-01,Idle,2026-07-23 00:09,2026-07-23 00:45,,,,
EQ-01,Running,2026-07-23 00:45,2026-07-23 04:30,,BLK-SF-0720,10,
EQ-05,Setup,2026-07-22 08:00,2026-07-22 08:36,,,,
EQ-05,Running,2026-07-22 08:36,2026-07-22 11:34,,BLK-SF-0720,10,
EQ-05,Idle,2026-07-22 11:34,2026-07-22 14:25,,,,
EQ-05,Running,2026-07-22 14:25,2026-07-22 15:33,,BLK-SF-0720,10,
EQ-05,Idle,2026-07-22 15:33,2026-07-22 17:00,,,,
EQ-02,Setup,2026-07-22 08:15,2026-07-22 08:21,,,,
EQ-02,Running,2026-07-22 08:21,2026-07-22 11:51,,BLK-FG-0720,10,
EQ-02,Idle,2026-07-22 11:51,2026-07-22 12:59,,,,
EQ-02,Running,2026-07-22 12:59,2026-07-22 16:30,,BLK-FG-0720,10,
EQ-03,Idle,2026-07-22 08:00,2026-07-22 09:57,,,,
EQ-03,Running,2026-07-22 09:57,2026-07-22 11:57,,BLK-FG-0720,20,
EQ-03,Idle,2026-07-22 11:57,2026-07-22 13:00,,,,
EQ-03,Running,2026-07-22 13:00,2026-07-22 15:59,,BLK-FG-0720,20,
EQ-03,Idle,2026-07-22 15:59,2026-07-22 17:00,,,,
EQ-04,Setup,2026-07-22 14:45,2026-07-22 14:55,,,,
EQ-04,Running,2026-07-22 14:55,2026-07-22 17:00,,BLK-FG-0720,30,
EQ-01,Setup,2026-07-23 08:00,2026-07-23 08:35,,,,
EQ-01,Running,2026-07-23 08:35,2026-07-23 11:53,,BLK-SF-0720,10,
EQ-01,Idle,2026-07-23 11:53,2026-07-23 12:55,,,,
EQ-01,Running,2026-07-23 12:55,2026-07-23 16:45,,BLK-SF-0720,10,
EQ-01,Setup,2026-07-23 20:00,2026-07-23 20:27,,,,
EQ-01,Running,2026-07-23 20:27,2026-07-23 23:56,,BLK-SF-0720,10,
EQ-01,Idle,2026-07-23 23:56,2026-07-24 00:49,,,,
EQ-01,Running,2026-07-24 00:49,2026-07-24 04:30,,BLK-SF-0720,10,
EQ-05,Setup,2026-07-23 08:00,2026-07-23 08:38,,,,
EQ-05,Running,2026-07-23 08:38,2026-07-23 11:25,,BLK-SF-0720,10,
EQ-05,Idle,2026-07-23 11:25,2026-07-23 14:34,,,,
EQ-05,Running,2026-07-23 14:34,2026-07-23 15:28,,BLK-SF-0720,10,
EQ-05,Idle,2026-07-23 15:28,2026-07-23 17:00,,,,
EQ-02,Setup,2026-07-23 08:15,2026-07-23 08:29,,,,
EQ-02,Running,2026-07-23 08:29,2026-07-23 12:02,,BLK-FG-0720,10,
EQ-02,Idle,2026-07-23 12:02,2026-07-23 12:51,,,,
EQ-02,Running,2026-07-23 12:51,2026-07-23 16:30,,BLK-FG-0720,10,
EQ-03,Idle,2026-07-23 08:00,2026-07-23 10:00,,,,
EQ-03,Running,2026-07-23 10:00,2026-07-23 11:54,,BLK-FG-0720,20,
EQ-03,Idle,2026-07-23 11:54,2026-07-23 12:56,,,,
EQ-03,Running,2026-07-23 12:56,2026-07-23 16:03,,BLK-FG-0720,20,
EQ-03,Idle,2026-07-23 16:03,2026-07-23 17:00,,,,
EQ-04,Setup,2026-07-23 14:45,2026-07-23 15:00,,,,
EQ-04,Running,2026-07-23 15:00,2026-07-23 17:00,,BLK-FG-0720,30,
EQ-01,Setup,2026-07-24 08:00,2026-07-24 08:21,,,,
EQ-01,Running,2026-07-24 08:21,2026-07-24 12:07,,BLK-SF-0720,10,
EQ-01,Idle,2026-07-24 12:07,2026-07-24 12:58,,,,
EQ-01,Running,2026-07-24 12:58,2026-07-24 16:45,,BLK-SF-0720,10,
EQ-01,Setup,2026-07-24 20:00,2026-07-24 20:21,,,,
EQ-01,Running,2026-07-24 20:21,2026-07-25 00:09,,BLK-SF-0720,10,
EQ-01,Idle,2026-07-25 00:09,2026-07-25 00:46,,,,
EQ-01,Running,2026-07-25 00:46,2026-07-25 04:30,,BLK-SF-0720,10,
EQ-05,Setup,2026-07-24 08:00,2026-07-24 08:47,,,,
EQ-05,Running,2026-07-24 08:47,2026-07-24 11:21,,BLK-SF-0720,10,
EQ-05,Idle,2026-07-24 11:21,2026-07-24 14:40,,,,
EQ-05,Running,2026-07-24 14:40,2026-07-24 15:28,,BLK-SF-0720,10,
EQ-05,Idle,2026-07-24 15:28,2026-07-24 17:00,,,,
EQ-02,Setup,2026-07-24 08:15,2026-07-24 08:35,,,,
EQ-02,Running,2026-07-24 08:35,2026-07-24 12:10,,BLK-FG-0720,10,
EQ-02,Idle,2026-07-24 12:10,2026-07-24 12:51,,,,
EQ-02,Running,2026-07-24 12:51,2026-07-24 16:30,,BLK-FG-0720,10,
EQ-03,Idle,2026-07-24 08:00,2026-07-24 10:01,,,,
EQ-03,Running,2026-07-24 10:01,2026-07-24 11:52,,BLK-FG-0720,20,
EQ-03,Idle,2026-07-24 11:52,2026-07-24 13:05,,,,
EQ-03,Running,2026-07-24 13:05,2026-07-24 15:54,,BLK-FG-0720,20,
EQ-03,Idle,2026-07-24 15:54,2026-07-24 17:00,,,,
EQ-04,Setup,2026-07-24 14:45,2026-07-24 15:08,,,,
EQ-04,Running,2026-07-24 15:08,2026-07-24 17:00,,BLK-FG-0720,30,
EQ-01,Setup,2026-07-27 08:00,2026-07-27 08:21,,,,
EQ-01,Running,2026-07-27 08:21,2026-07-27 11:56,,BLK-SF-0727,10,
EQ-01,Idle,2026-07-27 11:56,2026-07-27 13:09,,,,
EQ-01,Running,2026-07-27 13:09,2026-07-27 16:45,,BLK-SF-0727,10,
EQ-01,Setup,2026-07-27 20:00,2026-07-27 20:11,,,,
EQ-01,Running,2026-07-27 20:11,2026-07-28 00:03,,BLK-SF-0727,10,
EQ-01,Idle,2026-07-28 00:03,2026-07-28 00:40,,,,
EQ-01,Running,2026-07-28 00:40,2026-07-28 04:30,,BLK-SF-0727,10,
EQ-05,Setup,2026-07-27 08:00,2026-07-27 08:53,,,,
EQ-05,Running,2026-07-27 08:53,2026-07-27 11:40,,BLK-SF-0727,10,
EQ-05,Idle,2026-07-27 11:40,2026-07-27 14:20,,,,
EQ-05,Running,2026-07-27 14:20,2026-07-27 15:31,,BLK-SF-0727,10,
EQ-05,Idle,2026-07-27 15:31,2026-07-27 17:00,,,,
EQ-02,Setup,2026-07-27 08:15,2026-07-27 08:29,,,,
EQ-02,Running,2026-07-27 08:29,2026-07-27 12:08,,BLK-FG-0727,10,
EQ-02,Idle,2026-07-27 12:08,2026-07-27 13:09,,,,
EQ-02,Running,2026-07-27 13:09,2026-07-27 16:30,,BLK-FG-0727,10,
EQ-03,Idle,2026-07-27 08:00,2026-07-27 10:10,,,,
EQ-03,Running,2026-07-27 10:10,2026-07-27 11:50,,BLK-FG-0727,20,
EQ-03,Idle,2026-07-27 11:50,2026-07-27 13:07,,,,
EQ-03,Running,2026-07-27 13:07,2026-07-27 15:58,,BLK-FG-0727,20,
EQ-03,Idle,2026-07-27 15:58,2026-07-27 17:00,,,,
EQ-04,Setup,2026-07-27 14:45,2026-07-27 14:54,,,,
EQ-04,Running,2026-07-27 14:54,2026-07-27 17:00,,BLK-FG-0727,30,
EQ-01,Setup,2026-07-28 08:00,2026-07-28 08:24,,,,
EQ-01,Running,2026-07-28 08:24,2026-07-28 12:07,,BLK-SF-0727,10,
EQ-01,Idle,2026-07-28 12:07,2026-07-28 12:59,,,,
EQ-01,Running,2026-07-28 12:59,2026-07-28 16:45,,BLK-SF-0727,10,
EQ-01,Setup,2026-07-28 20:00,2026-07-28 20:22,,,,
EQ-01,Running,2026-07-28 20:22,2026-07-29 00:03,,BLK-SF-0727,10,
EQ-01,Idle,2026-07-29 00:03,2026-07-29 00:51,,,,
EQ-01,Running,2026-07-29 00:51,2026-07-29 04:30,,BLK-SF-0727,10,
EQ-05,Setup,2026-07-28 08:00,2026-07-28 08:53,,,,
EQ-05,Running,2026-07-28 08:53,2026-07-28 11:29,,BLK-SF-0727,10,
EQ-05,Idle,2026-07-28 11:29,2026-07-28 14:26,,,,
EQ-05,Running,2026-07-28 14:26,2026-07-28 15:25,,BLK-SF-0727,10,
EQ-05,Idle,2026-07-28 15:25,2026-07-28 17:00,,,,
EQ-02,Setup,2026-07-28 08:15,2026-07-28 08:24,,,,
EQ-02,Running,2026-07-28 08:24,2026-07-28 12:00,,BLK-FG-0727,10,
EQ-02,Idle,2026-07-28 12:00,2026-07-28 13:02,,,,
EQ-02,Running,2026-07-28 13:02,2026-07-28 16:30,,BLK-FG-0727,10,
EQ-03,Idle,2026-07-28 08:00,2026-07-28 09:58,,,,
EQ-03,Running,2026-07-28 09:58,2026-07-28 11:58,,BLK-FG-0727,20,
EQ-03,Idle,2026-07-28 11:58,2026-07-28 13:02,,,,
EQ-03,Running,2026-07-28 13:02,2026-07-28 15:52,,BLK-FG-0727,20,
EQ-03,Idle,2026-07-28 15:52,2026-07-28 17:00,,,,
EQ-04,Setup,2026-07-28 14:45,2026-07-28 14:58,,,,
EQ-04,Running,2026-07-28 14:58,2026-07-28 17:00,,BLK-FG-0727,30,
EQ-01,Setup,2026-07-29 08:00,2026-07-29 08:31,,,,
EQ-01,Running,2026-07-29 08:31,2026-07-29 12:02,,BLK-SF-0727,10,
EQ-01,Idle,2026-07-29 12:02,2026-07-29 12:58,,,,
EQ-01,Running,2026-07-29 12:58,2026-07-29 16:45,,BLK-SF-0727,10,
EQ-01,Setup,2026-07-29 20:00,2026-07-29 20:28,,,,
EQ-01,Running,2026-07-29 20:28,2026-07-30 00:08,,BLK-SF-0727,10,
EQ-01,Idle,2026-07-30 00:08,2026-07-30 00:47,,,,
EQ-01,Running,2026-07-30 00:47,2026-07-30 04:30,,BLK-SF-0727,10,
EQ-05,Setup,2026-07-29 08:00,2026-07-29 08:47,,,,
EQ-05,Running,2026-07-29 08:47,2026-07-29 11:20,,BLK-SF-0727,10,
EQ-05,Idle,2026-07-29 11:20,2026-07-29 14:24,,,,
EQ-05,Running,2026-07-29 14:24,2026-07-29 15:25,,BLK-SF-0727,10,
EQ-05,Idle,2026-07-29 15:25,2026-07-29 17:00,,,,
EQ-02,Setup,2026-07-29 08:15,2026-07-29 08:21,,,,
EQ-02,Running,2026-07-29 08:21,2026-07-29 11:54,,BLK-FG-0727,10,
EQ-02,Idle,2026-07-29 11:54,2026-07-29 13:07,,,,
EQ-02,Running,2026-07-29 13:07,2026-07-29 16:30,,BLK-FG-0727,10,
EQ-03,Idle,2026-07-29 08:00,2026-07-29 10:02,,,,
EQ-03,Running,2026-07-29 10:02,2026-07-29 12:10,,BLK-FG-0727,20,
EQ-03,Idle,2026-07-29 12:10,2026-07-29 13:09,,,,
EQ-03,Running,2026-07-29 13:09,2026-07-29 15:56,,BLK-FG-0727,20,
EQ-03,Idle,2026-07-29 15:56,2026-07-29 17:00,,,,
EQ-04,Setup,2026-07-29 14:45,2026-07-29 15:07,,,,
EQ-04,Running,2026-07-29 15:07,2026-07-29 17:00,,BLK-FG-0727,30,
EQ-01,Setup,2026-07-30 08:00,2026-07-30 08:26,,,,
EQ-01,Running,2026-07-30 08:26,2026-07-30 11:55,,BLK-SF-0727,10,
EQ-01,Idle,2026-07-30 11:55,2026-07-30 13:05,,,,
EQ-01,Running,2026-07-30 13:05,2026-07-30 16:45,,BLK-SF-0727,10,
EQ-01,Setup,2026-07-30 20:00,2026-07-30 20:23,,,,
EQ-01,Running,2026-07-30 20:23,2026-07-30 23:57,,BLK-SF-0727,10,
EQ-01,Idle,2026-07-30 23:57,2026-07-31 00:41,,,,
EQ-01,Running,2026-07-31 00:41,2026-07-31 04:30,,BLK-SF-0727,10,
EQ-05,Setup,2026-07-30 08:00,2026-07-30 08:45,,,,
EQ-05,Running,2026-07-30 08:45,2026-07-30 11:32,,BLK-SF-0727,10,
EQ-05,Idle,2026-07-30 11:32,2026-07-30 14:38,,,,
EQ-05,Running,2026-07-30 14:38,2026-07-30 15:31,,BLK-SF-0727,10,
EQ-05,Idle,2026-07-30 15:31,2026-07-30 17:00,,,,
EQ-02,Setup,2026-07-30 08:15,2026-07-30 08:39,,,,
EQ-02,Running,2026-07-30 08:39,2026-07-30 11:59,,BLK-FG-0727,10,
EQ-02,Idle,2026-07-30 11:59,2026-07-30 12:54,,,,
EQ-02,Running,2026-07-30 12:54,2026-07-30 16:30,,BLK-FG-0727,10,
EQ-03,Idle,2026-07-30 08:00,2026-07-30 10:07,,,,
EQ-03,Running,2026-07-30 10:07,2026-07-30 11:58,,BLK-FG-0727,20,
EQ-03,Idle,2026-07-30 11:58,2026-07-30 12:56,,,,
EQ-03,Running,2026-07-30 12:56,2026-07-30 16:01,,BLK-FG-0727,20,
EQ-03,Idle,2026-07-30 16:01,2026-07-30 17:00,,,,
EQ-04,Setup,2026-07-30 14:45,2026-07-30 15:02,,,,
EQ-04,Running,2026-07-30 15:02,2026-07-30 17:00,,BLK-FG-0727,30,
EQ-01,Setup,2026-07-31 08:00,2026-07-31 08:29,,,,
EQ-01,Running,2026-07-31 08:29,2026-07-31 11:55,,BLK-SF-0727,10,
EQ-01,Idle,2026-07-31 11:55,2026-07-31 13:05,,,,
EQ-01,Running,2026-07-31 13:05,2026-07-31 16:45,,BLK-SF-0727,10,
EQ-01,Setup,2026-07-31 20:00,2026-07-31 20:10,,,,
EQ-01,Running,2026-07-31 20:10,2026-08-01 00:04,,BLK-SF-0727,10,
EQ-01,Idle,2026-08-01 00:04,2026-08-01 00:38,,,,
EQ-01,Running,2026-08-01 00:38,2026-08-01 04:30,,BLK-SF-0727,10,
EQ-05,Setup,2026-07-31 08:00,2026-07-31 08:54,,,,
EQ-05,Running,2026-07-31 08:54,2026-07-31 11:23,,BLK-SF-0727,10,
EQ-05,Idle,2026-07-31 11:23,2026-07-31 14:35,,,,
EQ-05,Running,2026-07-31 14:35,2026-07-31 15:39,,BLK-SF-0727,10,
EQ-05,Idle,2026-07-31 15:39,2026-07-31 17:00,,,,
EQ-02,Setup,2026-07-31 08:15,2026-07-31 08:23,,,,
EQ-02,Running,2026-07-31 08:23,2026-07-31 12:05,,BLK-FG-0727,10,
EQ-02,Idle,2026-07-31 12:05,2026-07-31 12:51,,,,
EQ-02,Running,2026-07-31 12:51,2026-07-31 16:30,,BLK-FG-0727,10,
EQ-03,Idle,2026-07-31 08:00,2026-07-31 10:07,,,,
EQ-03,Running,2026-07-31 10:07,2026-07-31 11:56,,BLK-FG-0727,20,
EQ-03,Idle,2026-07-31 11:56,2026-07-31 13:02,,,,
EQ-03,Running,2026-07-31 13:02,2026-07-31 16:03,,BLK-FG-0727,20,
EQ-03,Idle,2026-07-31 16:03,2026-07-31 17:00,,,,
EQ-04,Setup,2026-07-31 14:45,2026-07-31 15:05,,,,
EQ-04,Running,2026-07-31 15:05,2026-07-31 17:00,,BLK-FG-0727,30,
EQ-01,Setup,2026-08-03 08:00,2026-08-03 08:23,,,,
EQ-01,Running,2026-08-03 08:23,2026-08-03 11:52,,BLK-SF-0803,10,
EQ-01,Idle,2026-08-03 11:52,2026-08-03 13:08,,,,
EQ-01,Running,2026-08-03 13:08,2026-08-03 14:28,,BLK-SF-0803,10,
EQ-01,Stopped,2026-08-03 14:28,2026-08-03 15:23,材料待ち,,,
EQ-01,Running,2026-08-03 15:23,2026-08-03 16:45,,BLK-SF-0803,10,
EQ-01,Setup,2026-08-03 20:00,2026-08-03 20:19,,,,
EQ-01,Running,2026-08-03 20:19,2026-08-04 00:05,,BLK-SF-0803,10,
EQ-01,Idle,2026-08-04 00:05,2026-08-04 00:45,,,,
EQ-01,Running,2026-08-04 00:45,2026-08-04 04:30,,BLK-SF-0803,10,
EQ-05,Setup,2026-08-03 08:00,2026-08-03 08:36,,,,
EQ-05,Running,2026-08-03 08:36,2026-08-03 11:21,,BLK-SF-0803,10,
EQ-05,Idle,2026-08-03 11:21,2026-08-03 14:29,,,,
EQ-05,Running,2026-08-03 14:29,2026-08-03 15:40,,BLK-SF-0803,10,
EQ-05,Idle,2026-08-03 15:40,2026-08-03 17:00,,,,
EQ-02,Setup,2026-08-03 08:15,2026-08-03 08:20,,,,
EQ-02,Running,2026-08-03 08:20,2026-08-03 11:57,,BLK-FG-0803,10,
EQ-02,Idle,2026-08-03 11:57,2026-08-03 12:51,,,,
EQ-02,Running,2026-08-03 12:51,2026-08-03 16:30,,BLK-FG-0803,10,
EQ-03,Idle,2026-08-03 08:00,2026-08-03 09:56,,,,
EQ-03,Running,2026-08-03 09:56,2026-08-03 12:09,,BLK-FG-0803,20,
EQ-03,Idle,2026-08-03 12:09,2026-08-03 12:51,,,,
EQ-03,Running,2026-08-03 12:51,2026-08-03 16:04,,BLK-FG-0803,20,
EQ-03,Idle,2026-08-03 16:04,2026-08-03 17:00,,,,
EQ-04,Setup,2026-08-03 14:45,2026-08-03 15:04,,,,
EQ-04,Running,2026-08-03 15:04,2026-08-03 17:00,,BLK-FG-0803,30,
EQ-01,Setup,2026-08-04 08:00,2026-08-04 08:31,,,,
EQ-01,Running,2026-08-04 08:31,2026-08-04 11:59,,BLK-SF-0803,10,
EQ-01,Idle,2026-08-04 11:59,2026-08-04 13:09,,,,
EQ-01,Running,2026-08-04 13:09,2026-08-04 16:45,,BLK-SF-0803,10,
EQ-01,Setup,2026-08-04 20:00,2026-08-04 20:29,,,,
EQ-01,Running,2026-08-04 20:29,2026-08-04 23:54,,BLK-SF-0803,10,
EQ-01,Idle,2026-08-04 23:54,2026-08-05 00:40,,,,
EQ-01,Running,2026-08-05 00:40,2026-08-05 04:30,,BLK-SF-0803,10,
EQ-05,Setup,2026-08-04 08:00,2026-08-04 08:42,,,,
EQ-05,Running,2026-08-04 08:42,2026-08-04 11:23,,BLK-SF-0803,10,
EQ-05,Idle,2026-08-04 11:23,2026-08-04 14:28,,,,
EQ-05,Running,2026-08-04 14:28,2026-08-04 15:31,,BLK-SF-0803,10,
EQ-05,Idle,2026-08-04 15:31,2026-08-04 17:00,,,,
EQ-02,Setup,2026-08-04 08:15,2026-08-04 08:25,,,,
EQ-02,Running,2026-08-04 08:25,2026-08-04 12:01,,BLK-FG-0803,10,
EQ-02,Idle,2026-08-04 12:01,2026-08-04 12:54,,,,
EQ-02,Running,2026-08-04 12:54,2026-08-04 16:30,,BLK-FG-0803,10,
EQ-03,Idle,2026-08-04 08:00,2026-08-04 09:52,,,,
EQ-03,Running,2026-08-04 09:52,2026-08-04 11:57,,BLK-FG-0803,20,
EQ-03,Idle,2026-08-04 11:57,2026-08-04 13:07,,,,
EQ-03,Running,2026-08-04 13:07,2026-08-04 16:01,,BLK-FG-0803,20,
EQ-03,Idle,2026-08-04 16:01,2026-08-04 17:00,,,,
EQ-04,Setup,2026-08-04 14:45,2026-08-04 14:55,,,,
EQ-04,Running,2026-08-04 14:55,2026-08-04 17:00,,BLK-FG-0803,30,
EQ-01,Setup,2026-08-05 08:00,2026-08-05 08:29,,,,
EQ-01,Running,2026-08-05 08:29,2026-08-05 12:02,,BLK-SF-0803,10,
EQ-01,Idle,2026-08-05 12:02,2026-08-05 12:50,,,,
EQ-01,Running,2026-08-05 12:50,2026-08-05 16:45,,BLK-SF-0803,10,
EQ-01,Setup,2026-08-05 20:00,2026-08-05 20:26,,,,
EQ-01,Running,2026-08-05 20:26,2026-08-05 23:56,,BLK-SF-0803,10,
EQ-01,Idle,2026-08-05 23:56,2026-08-06 00:53,,,,
EQ-01,Running,2026-08-06 00:53,2026-08-06 04:30,,BLK-SF-0803,10,
EQ-05,Setup,2026-08-05 08:00,2026-08-05 08:46,,,,
EQ-05,Running,2026-08-05 08:46,2026-08-05 11:33,,BLK-SF-0803,10,
EQ-05,Idle,2026-08-05 11:33,2026-08-05 14:31,,,,
EQ-05,Running,2026-08-05 14:31,2026-08-05 15:34,,BLK-SF-0803,10,
EQ-05,Idle,2026-08-05 15:34,2026-08-05 17:00,,,,
EQ-02,Setup,2026-08-05 08:15,2026-08-05 08:37,,,,
EQ-02,Running,2026-08-05 08:37,2026-08-05 11:59,,BLK-FG-0803,10,
EQ-02,Idle,2026-08-05 11:59,2026-08-05 12:51,,,,
EQ-02,Running,2026-08-05 12:51,2026-08-05 16:30,,BLK-FG-0803,10,
EQ-03,Idle,2026-08-05 08:00,2026-08-05 10:02,,,,
EQ-03,Running,2026-08-05 10:02,2026-08-05 11:55,,BLK-FG-0803,20,
EQ-03,Idle,2026-08-05 11:55,2026-08-05 12:58,,,,
EQ-03,Running,2026-08-05 12:58,2026-08-05 16:06,,BLK-FG-0803,20,
EQ-03,Idle,2026-08-05 16:06,2026-08-05 17:00,,,,
EQ-04,Setup,2026-08-05 14:45,2026-08-05 14:50,,,,
EQ-04,Running,2026-08-05 14:50,2026-08-05 17:00,,BLK-FG-0803,30,
EQ-01,Setup,2026-08-06 08:00,2026-08-06 08:21,,,,
EQ-01,Running,2026-08-06 08:21,2026-08-06 12:00,,BLK-SF-0803,10,
EQ-01,Idle,2026-08-06 12:00,2026-08-06 12:53,,,,
EQ-01,Running,2026-08-06 12:53,2026-08-06 16:45,,BLK-SF-0803,10,
EQ-01,Setup,2026-08-06 20:00,2026-08-06 20:29,,,,
EQ-01,Running,2026-08-06 20:29,2026-08-07 00:09,,BLK-SF-0803,10,
EQ-01,Idle,2026-08-07 00:09,2026-08-07 00:36,,,,
EQ-01,Running,2026-08-07 00:36,2026-08-07 04:30,,BLK-SF-0803,10,
EQ-05,Setup,2026-08-06 08:00,2026-08-06 08:52,,,,
EQ-05,Running,2026-08-06 08:52,2026-08-06 11:27,,BLK-SF-0803,10,
EQ-05,Idle,2026-08-06 11:27,2026-08-06 14:24,,,,
EQ-05,Running,2026-08-06 14:24,2026-08-06 15:35,,BLK-SF-0803,10,
EQ-05,Idle,2026-08-06 15:35,2026-08-06 17:00,,,,
EQ-02,Setup,2026-08-06 08:15,2026-08-06 08:22,,,,
EQ-02,Running,2026-08-06 08:22,2026-08-06 11:57,,BLK-FG-0803,10,
EQ-02,Idle,2026-08-06 11:57,2026-08-06 13:02,,,,
EQ-02,Running,2026-08-06 13:02,2026-08-06 16:30,,BLK-FG-0803,10,
EQ-03,Idle,2026-08-06 08:00,2026-08-06 10:07,,,,
EQ-03,Running,2026-08-06 10:07,2026-08-06 11:57,,BLK-FG-0803,20,
EQ-03,Idle,2026-08-06 11:57,2026-08-06 13:03,,,,
EQ-03,Running,2026-08-06 13:03,2026-08-06 15:57,,BLK-FG-0803,20,
EQ-03,Idle,2026-08-06 15:57,2026-08-06 17:00,,,,
EQ-04,Setup,2026-08-06 14:45,2026-08-06 15:03,,,,
EQ-04,Running,2026-08-06 15:03,2026-08-06 17:00,,BLK-FG-0803,30,
EQ-01,Setup,2026-08-07 08:00,2026-08-07 08:34,,,,
EQ-01,Running,2026-08-07 08:34,2026-08-07 12:09,,BLK-SF-0803,10,
EQ-01,Idle,2026-08-07 12:09,2026-08-07 13:04,,,,
EQ-01,Running,2026-08-07 13:04,2026-08-07 16:45,,BLK-SF-0803,10,
EQ-01,Setup,2026-08-07 20:00,2026-08-07 20:28,,,,
EQ-01,Running,2026-08-07 20:28,2026-08-08 00:06,,BLK-SF-0803,10,
EQ-01,Idle,2026-08-08 00:06,2026-08-08 00:39,,,,
EQ-01,Running,2026-08-08 00:39,2026-08-08 04:30,,BLK-SF-0803,10,
EQ-05,Setup,2026-08-07 08:00,2026-08-07 08:35,,,,
EQ-05,Running,2026-08-07 08:35,2026-08-07 11:36,,BLK-SF-0803,10,
EQ-05,Idle,2026-08-07 11:36,2026-08-07 14:36,,,,
EQ-05,Running,2026-08-07 14:36,2026-08-07 15:36,,BLK-SF-0803,10,
EQ-05,Idle,2026-08-07 15:36,2026-08-07 17:00,,,,
EQ-02,Setup,2026-08-07 08:15,2026-08-07 08:30,,,,
EQ-02,Running,2026-08-07 08:30,2026-08-07 11:53,,BLK-FG-0803,10,
EQ-02,Idle,2026-08-07 11:53,2026-08-07 13:01,,,,
EQ-02,Running,2026-08-07 13:01,2026-08-07 16:30,,BLK-FG-0803,10,
EQ-03,Idle,2026-08-07 08:00,2026-08-07 10:02,,,,
EQ-03,Running,2026-08-07 10:02,2026-08-07 11:57,,BLK-FG-0803,20,
EQ-03,Idle,2026-08-07 11:57,2026-08-07 13:08,,,,
EQ-03,Running,2026-08-07 13:08,2026-08-07 16:04,,BLK-FG-0803,20,
EQ-03,Idle,2026-08-07 16:04,2026-08-07 17:00,,,,
EQ-04,Setup,2026-08-07 14:45,2026-08-07 15:10,,,,
EQ-04,Running,2026-08-07 15:10,2026-08-07 17:00,,BLK-FG-0803,30,
EQ-01,Setup,2026-08-17 08:00,2026-08-17 08:26,,,,
EQ-01,Running,2026-08-17 08:26,2026-08-17 12:02,,BLK-SF-0817,10,
EQ-01,Idle,2026-08-17 12:02,2026-08-17 12:50,,,,
EQ-01,Running,2026-08-17 12:50,2026-08-17 16:45,,BLK-SF-0817,10,
EQ-01,Setup,2026-08-17 20:00,2026-08-17 20:30,,,,
EQ-01,Running,2026-08-17 20:30,2026-08-18 00:09,,BLK-SF-0817,10,
EQ-01,Idle,2026-08-18 00:09,2026-08-18 00:46,,,,
EQ-01,Running,2026-08-18 00:46,2026-08-18 04:30,,BLK-SF-0817,10,
EQ-05,Setup,2026-08-17 08:00,2026-08-17 08:50,,,,
EQ-05,Running,2026-08-17 08:50,2026-08-17 11:38,,BLK-SF-0817,10,
EQ-05,Idle,2026-08-17 11:38,2026-08-17 14:26,,,,
EQ-05,Running,2026-08-17 14:26,2026-08-17 15:36,,BLK-SF-0817,10,
EQ-05,Idle,2026-08-17 15:36,2026-08-17 17:00,,,,
EQ-02,Setup,2026-08-17 08:15,2026-08-17 08:25,,,,
EQ-02,Running,2026-08-17 08:25,2026-08-17 11:50,,BLK-FG-0817,10,
EQ-02,Idle,2026-08-17 11:50,2026-08-17 12:51,,,,
EQ-02,Running,2026-08-17 12:51,2026-08-17 16:30,,BLK-FG-0817,10,
EQ-03,Idle,2026-08-17 08:00,2026-08-17 10:01,,,,
EQ-03,Running,2026-08-17 10:01,2026-08-17 11:50,,BLK-FG-0817,20,
EQ-03,Idle,2026-08-17 11:50,2026-08-17 12:56,,,,
EQ-03,Running,2026-08-17 12:56,2026-08-17 16:10,,BLK-FG-0817,20,
EQ-03,Idle,2026-08-17 16:10,2026-08-17 17:00,,,,
EQ-04,Setup,2026-08-17 14:45,2026-08-17 14:53,,,,
EQ-04,Running,2026-08-17 14:53,2026-08-17 17:00,,BLK-FG-0817,30,
EQ-01,Setup,2026-08-18 08:00,2026-08-18 08:28,,,,
EQ-01,Running,2026-08-18 08:28,2026-08-18 12:01,,BLK-SF-0817,10,
EQ-01,Idle,2026-08-18 12:01,2026-08-18 12:59,,,,
EQ-01,Running,2026-08-18 12:59,2026-08-18 16:45,,BLK-SF-0817,10,
EQ-01,Setup,2026-08-18 20:00,2026-08-18 20:23,,,,
EQ-01,Running,2026-08-18 20:23,2026-08-18 23:51,,BLK-SF-0817,10,
EQ-01,Idle,2026-08-18 23:51,2026-08-19 00:43,,,,
EQ-01,Running,2026-08-19 00:43,2026-08-19 04:30,,BLK-SF-0817,10,
EQ-05,Setup,2026-08-18 08:00,2026-08-18 08:50,,,,
EQ-05,Running,2026-08-18 08:50,2026-08-18 11:30,,BLK-SF-0817,10,
EQ-05,Idle,2026-08-18 11:30,2026-08-18 14:31,,,,
EQ-05,Running,2026-08-18 14:31,2026-08-18 15:24,,BLK-SF-0817,10,
EQ-05,Idle,2026-08-18 15:24,2026-08-18 17:00,,,,
EQ-02,Setup,2026-08-18 08:15,2026-08-18 08:39,,,,
EQ-02,Running,2026-08-18 08:39,2026-08-18 12:09,,BLK-FG-0817,10,
EQ-02,Idle,2026-08-18 12:09,2026-08-18 13:07,,,,
EQ-02,Running,2026-08-18 13:07,2026-08-18 16:30,,BLK-FG-0817,10,
EQ-03,Idle,2026-08-18 08:00,2026-08-18 09:54,,,,
EQ-03,Running,2026-08-18 09:54,2026-08-18 12:06,,BLK-FG-0817,20,
EQ-03,Idle,2026-08-18 12:06,2026-08-18 12:53,,,,
EQ-03,Running,2026-08-18 12:53,2026-08-18 16:09,,BLK-FG-0817,20,
EQ-03,Idle,2026-08-18 16:09,2026-08-18 17:00,,,,
EQ-04,Setup,2026-08-18 14:45,2026-08-18 15:01,,,,
EQ-04,Running,2026-08-18 15:01,2026-08-18 17:00,,BLK-FG-0817,30,
EQ-01,Setup,2026-08-19 08:00,2026-08-19 08:30,,,,
EQ-01,Running,2026-08-19 08:30,2026-08-19 11:59,,BLK-SF-0817,10,
EQ-01,Idle,2026-08-19 11:59,2026-08-19 12:52,,,,
EQ-01,Running,2026-08-19 12:52,2026-08-19 16:45,,BLK-SF-0817,10,
EQ-01,Setup,2026-08-19 20:00,2026-08-19 20:18,,,,
EQ-01,Running,2026-08-19 20:18,2026-08-20 00:02,,BLK-SF-0817,10,
EQ-01,Idle,2026-08-20 00:02,2026-08-20 00:54,,,,
EQ-01,Running,2026-08-20 00:54,2026-08-20 04:30,,BLK-SF-0817,10,
EQ-05,Setup,2026-08-19 08:00,2026-08-19 08:39,,,,
EQ-05,Running,2026-08-19 08:39,2026-08-19 11:33,,BLK-SF-0817,10,
EQ-05,Idle,2026-08-19 11:33,2026-08-19 14:38,,,,
EQ-05,Running,2026-08-19 14:38,2026-08-19 15:39,,BLK-SF-0817,10,
EQ-05,Idle,2026-08-19 15:39,2026-08-19 17:00,,,,
EQ-02,Setup,2026-08-19 08:15,2026-08-19 08:31,,,,
EQ-02,Running,2026-08-19 08:31,2026-08-19 11:56,,BLK-FG-0817,10,
EQ-02,Idle,2026-08-19 11:56,2026-08-19 12:50,,,,
EQ-02,Running,2026-08-19 12:50,2026-08-19 16:30,,BLK-FG-0817,10,
EQ-03,Idle,2026-08-19 08:00,2026-08-19 09:59,,,,
EQ-03,Running,2026-08-19 09:59,2026-08-19 12:01,,BLK-FG-0817,20,
EQ-03,Idle,2026-08-19 12:01,2026-08-19 13:02,,,,
EQ-03,Running,2026-08-19 13:02,2026-08-19 16:10,,BLK-FG-0817,20,
EQ-03,Idle,2026-08-19 16:10,2026-08-19 17:00,,,,
EQ-04,Setup,2026-08-19 14:45,2026-08-19 15:06,,,,
EQ-04,Running,2026-08-19 15:06,2026-08-19 17:00,,BLK-FG-0817,30,
EQ-01,Setup,2026-08-20 08:00,2026-08-20 08:22,,,,
EQ-01,Running,2026-08-20 08:22,2026-08-20 12:07,,BLK-SF-0817,10,
EQ-01,Idle,2026-08-20 12:07,2026-08-20 13:01,,,,
EQ-01,Running,2026-08-20 13:01,2026-08-20 16:45,,BLK-SF-0817,10,
EQ-01,Setup,2026-08-20 20:00,2026-08-20 20:15,,,,
EQ-01,Running,2026-08-20 20:15,2026-08-20 23:51,,BLK-SF-0817,10,
EQ-01,Idle,2026-08-20 23:51,2026-08-21 00:38,,,,
EQ-01,Running,2026-08-21 00:38,2026-08-21 04:30,,BLK-SF-0817,10,
EQ-05,Setup,2026-08-20 08:00,2026-08-20 08:36,,,,
EQ-05,Running,2026-08-20 08:36,2026-08-20 11:36,,BLK-SF-0817,10,
EQ-05,Idle,2026-08-20 11:36,2026-08-20 14:38,,,,
EQ-05,Running,2026-08-20 14:38,2026-08-20 15:30,,BLK-SF-0817,10,
EQ-05,Idle,2026-08-20 15:30,2026-08-20 17:00,,,,
EQ-02,Setup,2026-08-20 08:15,2026-08-20 08:40,,,,
EQ-02,Running,2026-08-20 08:40,2026-08-20 11:56,,BLK-FG-0817,10,
EQ-02,Idle,2026-08-20 11:56,2026-08-20 13:00,,,,
EQ-02,Running,2026-08-20 13:00,2026-08-20 16:30,,BLK-FG-0817,10,
EQ-03,Idle,2026-08-20 08:00,2026-08-20 10:04,,,,
EQ-03,Running,2026-08-20 10:04,2026-08-20 11:59,,BLK-FG-0817,20,
EQ-03,Idle,2026-08-20 11:59,2026-08-20 12:50,,,,
EQ-03,Running,2026-08-20 12:50,2026-08-20 15:57,,BLK-FG-0817,20,
EQ-03,Idle,2026-08-20 15:57,2026-08-20 17:00,,,,
EQ-04,Setup,2026-08-20 14:45,2026-08-20 14:55,,,,
EQ-04,Running,2026-08-20 14:55,2026-08-20 17:00,,BLK-FG-0817,30,
EQ-01,Setup,2026-08-21 08:00,2026-08-21 08:29,,,,
EQ-01,Running,2026-08-21 08:29,2026-08-21 11:54,,BLK-SF-0817,10,
EQ-01,Idle,2026-08-21 11:54,2026-08-21 12:55,,,,
EQ-01,Running,2026-08-21 12:55,2026-08-21 16:45,,BLK-SF-0817,10,
EQ-01,Setup,2026-08-21 20:00,2026-08-21 20:10,,,,
EQ-01,Running,2026-08-21 20:10,2026-08-21 23:57,,BLK-SF-0817,10,
EQ-01,Idle,2026-08-21 23:57,2026-08-22 00:45,,,,
EQ-01,Running,2026-08-22 00:45,2026-08-22 04:30,,BLK-SF-0817,10,
EQ-05,Setup,2026-08-21 08:00,2026-08-21 08:36,,,,
EQ-05,Running,2026-08-21 08:36,2026-08-21 11:28,,BLK-SF-0817,10,
EQ-05,Idle,2026-08-21 11:28,2026-08-21 14:20,,,,
EQ-05,Running,2026-08-21 14:20,2026-08-21 15:29,,BLK-SF-0817,10,
EQ-05,Idle,2026-08-21 15:29,2026-08-21 17:00,,,,
EQ-02,Setup,2026-08-21 08:15,2026-08-21 08:23,,,,
EQ-02,Running,2026-08-21 08:23,2026-08-21 12:10,,BLK-FG-0817,10,
EQ-02,Idle,2026-08-21 12:10,2026-08-21 13:04,,,,
EQ-02,Running,2026-08-21 13:04,2026-08-21 16:30,,BLK-FG-0817,10,
EQ-03,Idle,2026-08-21 08:00,2026-08-21 10:09,,,,
EQ-03,Running,2026-08-21 10:09,2026-08-21 11:56,,BLK-FG-0817,20,
EQ-03,Idle,2026-08-21 11:56,2026-08-21 13:00,,,,
EQ-03,Running,2026-08-21 13:00,2026-08-21 16:04,,BLK-FG-0817,20,
EQ-03,Idle,2026-08-21 16:04,2026-08-21 17:00,,,,
EQ-04,Setup,2026-08-21 14:45,2026-08-21 15:10,,,,
EQ-04,Running,2026-08-21 15:10,2026-08-21 17:00,,BLK-FG-0817,30,
EQ-01,Setup,2026-08-24 08:00,2026-08-24 08:31,,,,
EQ-01,Running,2026-08-24 08:31,2026-08-24 12:03,,BLK-SF-0824,10,
EQ-01,Idle,2026-08-24 12:03,2026-08-24 12:57,,,,
EQ-01,Running,2026-08-24 12:57,2026-08-24 16:45,,BLK-SF-0824,10,
EQ-01,Setup,2026-08-24 20:00,2026-08-24 20:26,,,,
EQ-01,Running,2026-08-24 20:26,2026-08-25 00:08,,BLK-SF-0824,10,
EQ-01,Idle,2026-08-25 00:08,2026-08-25 00:53,,,,
EQ-01,Running,2026-08-25 00:53,2026-08-25 04:30,,BLK-SF-0824,10,
EQ-05,Setup,2026-08-24 08:00,2026-08-24 08:44,,,,
EQ-05,Running,2026-08-24 08:44,2026-08-24 11:25,,BLK-SF-0824,10,
EQ-05,Idle,2026-08-24 11:25,2026-08-24 14:22,,,,
EQ-05,Running,2026-08-24 14:22,2026-08-24 15:30,,BLK-SF-0824,10,
EQ-05,Idle,2026-08-24 15:30,2026-08-24 17:00,,,,
EQ-02,Setup,2026-08-24 08:15,2026-08-24 08:26,,,,
EQ-02,Running,2026-08-24 08:26,2026-08-24 12:02,,BLK-FG-0824,10,
EQ-02,Idle,2026-08-24 12:02,2026-08-24 12:58,,,,
EQ-02,Running,2026-08-24 12:58,2026-08-24 16:30,,BLK-FG-0824,10,
EQ-03,Idle,2026-08-24 08:00,2026-08-24 09:51,,,,
EQ-03,Running,2026-08-24 09:51,2026-08-24 11:53,,BLK-FG-0824,20,
EQ-03,Idle,2026-08-24 11:53,2026-08-24 12:53,,,,
EQ-03,Running,2026-08-24 12:53,2026-08-24 15:55,,BLK-FG-0824,20,
EQ-03,Idle,2026-08-24 15:55,2026-08-24 17:00,,,,
EQ-04,Setup,2026-08-24 14:45,2026-08-24 15:06,,,,
EQ-04,Running,2026-08-24 15:06,2026-08-24 17:00,,BLK-FG-0824,30,
EQ-01,Setup,2026-08-25 08:00,2026-08-25 08:35,,,,
EQ-01,Running,2026-08-25 08:35,2026-08-25 10:05,,BLK-SF-0824,10,
EQ-01,Failure,2026-08-25 10:05,2026-08-25 11:22,工具折損（刃先摩耗）,,,
EQ-01,Running,2026-08-25 11:22,2026-08-25 11:56,,BLK-SF-0824,10,
EQ-01,Idle,2026-08-25 11:56,2026-08-25 13:10,,,,
EQ-01,Running,2026-08-25 13:10,2026-08-25 16:45,,BLK-SF-0824,10,
EQ-01,Setup,2026-08-25 20:00,2026-08-25 20:24,,,,
EQ-01,Running,2026-08-25 20:24,2026-08-26 00:06,,BLK-SF-0824,10,
EQ-01,Idle,2026-08-26 00:06,2026-08-26 00:36,,,,
EQ-01,Running,2026-08-26 00:36,2026-08-26 04:30,,BLK-SF-0824,10,
EQ-05,Setup,2026-08-25 08:00,2026-08-25 08:50,,,,
EQ-05,Running,2026-08-25 08:50,2026-08-25 11:24,,BLK-SF-0824,10,
EQ-05,Idle,2026-08-25 11:24,2026-08-25 14:36,,,,
EQ-05,Running,2026-08-25 14:36,2026-08-25 15:27,,BLK-SF-0824,10,
EQ-05,Idle,2026-08-25 15:27,2026-08-25 17:00,,,,
EQ-02,Setup,2026-08-25 08:15,2026-08-25 08:22,,,,
EQ-02,Running,2026-08-25 08:22,2026-08-25 12:10,,BLK-FG-0824,10,
EQ-02,Idle,2026-08-25 12:10,2026-08-25 13:01,,,,
EQ-02,Running,2026-08-25 13:01,2026-08-25 16:30,,BLK-FG-0824,10,
EQ-03,Idle,2026-08-25 08:00,2026-08-25 09:51,,,,
EQ-03,Running,2026-08-25 09:51,2026-08-25 11:58,,BLK-FG-0824,20,
EQ-03,Idle,2026-08-25 11:58,2026-08-25 12:53,,,,
EQ-03,Running,2026-08-25 12:53,2026-08-25 15:59,,BLK-FG-0824,20,
EQ-03,Idle,2026-08-25 15:59,2026-08-25 17:00,,,,
EQ-04,Setup,2026-08-25 14:45,2026-08-25 14:54,,,,
EQ-04,Running,2026-08-25 14:54,2026-08-25 17:00,,BLK-FG-0824,30,
EQ-01,Setup,2026-08-26 08:00,2026-08-26 08:24,,,,
EQ-01,Running,2026-08-26 08:24,2026-08-26 11:55,,BLK-SF-0824,10,
EQ-01,Idle,2026-08-26 11:55,2026-08-26 12:59,,,,
EQ-01,Running,2026-08-26 12:59,2026-08-26 16:45,,BLK-SF-0824,10,
EQ-01,Setup,2026-08-26 20:00,2026-08-26 20:17,,,,
EQ-01,Running,2026-08-26 20:17,2026-08-26 23:57,,BLK-SF-0824,10,
EQ-01,Idle,2026-08-26 23:57,2026-08-27 00:37,,,,
EQ-01,Running,2026-08-27 00:37,2026-08-27 04:30,,BLK-SF-0824,10,
EQ-05,Setup,2026-08-26 08:00,2026-08-26 08:45,,,,
EQ-05,Running,2026-08-26 08:45,2026-08-26 11:31,,BLK-SF-0824,10,
EQ-05,Idle,2026-08-26 11:31,2026-08-26 14:31,,,,
EQ-05,Running,2026-08-26 14:31,2026-08-26 15:36,,BLK-SF-0824,10,
EQ-05,Idle,2026-08-26 15:36,2026-08-26 17:00,,,,
EQ-02,Setup,2026-08-26 08:15,2026-08-26 08:22,,,,
EQ-02,Running,2026-08-26 08:22,2026-08-26 11:52,,BLK-FG-0824,10,
EQ-02,Idle,2026-08-26 11:52,2026-08-26 12:54,,,,
EQ-02,Running,2026-08-26 12:54,2026-08-26 16:30,,BLK-FG-0824,10,
EQ-03,Idle,2026-08-26 08:00,2026-08-26 10:02,,,,
EQ-03,Running,2026-08-26 10:02,2026-08-26 12:02,,BLK-FG-0824,20,
EQ-03,Idle,2026-08-26 12:02,2026-08-26 12:55,,,,
EQ-03,Running,2026-08-26 12:55,2026-08-26 16:08,,BLK-FG-0824,20,
EQ-03,Idle,2026-08-26 16:08,2026-08-26 17:00,,,,
EQ-04,Setup,2026-08-26 14:45,2026-08-26 15:07,,,,
EQ-04,Running,2026-08-26 15:07,2026-08-26 17:00,,BLK-FG-0824,30,
EQ-01,Setup,2026-08-27 08:00,2026-08-27 08:40,,,,
EQ-01,Running,2026-08-27 08:40,2026-08-27 10:08,,BLK-SF-0824,10,
EQ-01,Failure,2026-08-27 10:08,2026-08-27 11:30,工具折損（刃先摩耗）,,,
EQ-01,Running,2026-08-27 11:30,2026-08-27 11:54,,BLK-SF-0824,10,
EQ-01,Idle,2026-08-27 11:54,2026-08-27 13:04,,,,
EQ-01,Running,2026-08-27 13:04,2026-08-27 16:45,,BLK-SF-0824,10,
EQ-01,Setup,2026-08-27 20:00,2026-08-27 20:16,,,,
EQ-01,Running,2026-08-27 20:16,2026-08-28 00:04,,BLK-SF-0824,10,
EQ-01,Idle,2026-08-28 00:04,2026-08-28 00:53,,,,
EQ-01,Running,2026-08-28 00:53,2026-08-28 04:30,,BLK-SF-0824,10,
EQ-05,Setup,2026-08-27 08:00,2026-08-27 08:49,,,,
EQ-05,Running,2026-08-27 08:49,2026-08-27 11:34,,BLK-SF-0824,10,
EQ-05,Idle,2026-08-27 11:34,2026-08-27 14:29,,,,
EQ-05,Running,2026-08-27 14:29,2026-08-27 15:23,,BLK-SF-0824,10,
EQ-05,Idle,2026-08-27 15:23,2026-08-27 17:00,,,,
EQ-02,Setup,2026-08-27 08:15,2026-08-27 08:27,,,,
EQ-02,Running,2026-08-27 08:27,2026-08-27 11:50,,BLK-FG-0824,10,
EQ-02,Idle,2026-08-27 11:50,2026-08-27 12:55,,,,
EQ-02,Running,2026-08-27 12:55,2026-08-27 16:30,,BLK-FG-0824,10,
EQ-03,Idle,2026-08-27 08:00,2026-08-27 10:06,,,,
EQ-03,Running,2026-08-27 10:06,2026-08-27 11:58,,BLK-FG-0824,20,
EQ-03,Idle,2026-08-27 11:58,2026-08-27 12:56,,,,
EQ-03,Running,2026-08-27 12:56,2026-08-27 15:59,,BLK-FG-0824,20,
EQ-03,Idle,2026-08-27 15:59,2026-08-27 17:00,,,,
EQ-04,Setup,2026-08-27 14:45,2026-08-27 14:50,,,,
EQ-04,Running,2026-08-27 14:50,2026-08-27 17:00,,BLK-FG-0824,30,
EQ-01,Setup,2026-08-28 08:00,2026-08-28 08:39,,,,
EQ-01,Running,2026-08-28 08:39,2026-08-28 12:00,,BLK-SF-0824,10,
EQ-01,Idle,2026-08-28 12:00,2026-08-28 12:55,,,,
EQ-01,Running,2026-08-28 12:55,2026-08-28 16:45,,BLK-SF-0824,10,
EQ-01,Setup,2026-08-28 20:00,2026-08-28 20:28,,,,
EQ-01,Running,2026-08-28 20:28,2026-08-28 23:57,,BLK-SF-0824,10,
EQ-01,Idle,2026-08-28 23:57,2026-08-29 00:39,,,,
EQ-01,Running,2026-08-29 00:39,2026-08-29 04:30,,BLK-SF-0824,10,
EQ-05,Setup,2026-08-28 08:00,2026-08-28 08:37,,,,
EQ-05,Running,2026-08-28 08:37,2026-08-28 11:40,,BLK-SF-0824,10,
EQ-05,Idle,2026-08-28 11:40,2026-08-28 14:28,,,,
EQ-05,Running,2026-08-28 14:28,2026-08-28 15:32,,BLK-SF-0824,10,
EQ-05,Idle,2026-08-28 15:32,2026-08-28 17:00,,,,
EQ-02,Setup,2026-08-28 08:15,2026-08-28 08:21,,,,
EQ-02,Running,2026-08-28 08:21,2026-08-28 12:04,,BLK-FG-0824,10,
EQ-02,Idle,2026-08-28 12:04,2026-08-28 13:02,,,,
EQ-02,Running,2026-08-28 13:02,2026-08-28 16:30,,BLK-FG-0824,10,
EQ-03,Idle,2026-08-28 08:00,2026-08-28 09:51,,,,
EQ-03,Running,2026-08-28 09:51,2026-08-28 12:04,,BLK-FG-0824,20,
EQ-03,Idle,2026-08-28 12:04,2026-08-28 12:58,,,,
EQ-03,Running,2026-08-28 12:58,2026-08-28 16:00,,BLK-FG-0824,20,
EQ-03,Idle,2026-08-28 16:00,2026-08-28 17:00,,,,
EQ-04,Setup,2026-08-28 14:45,2026-08-28 14:58,,,,
EQ-04,Running,2026-08-28 14:58,2026-08-28 17:00,,BLK-FG-0824,30,
EQ-01,Setup,2026-08-31 08:00,2026-08-31 08:32,,,,
EQ-01,Running,2026-08-31 08:32,2026-08-31 11:59,,BLK-SF-0831,10,
EQ-01,Idle,2026-08-31 11:59,2026-08-31 12:58,,,,
EQ-01,Running,2026-08-31 12:58,2026-08-31 16:45,,BLK-SF-0831,10,
EQ-01,Setup,2026-08-31 20:00,2026-08-31 20:20,,,,
EQ-01,Running,2026-08-31 20:20,2026-09-01 00:10,,BLK-SF-0831,10,
EQ-01,Idle,2026-09-01 00:10,2026-09-01 00:53,,,,
EQ-01,Running,2026-09-01 00:53,2026-09-01 04:30,,BLK-SF-0831,10,
EQ-05,Setup,2026-08-31 08:00,2026-08-31 08:35,,,,
EQ-05,Running,2026-08-31 08:35,2026-08-31 11:21,,BLK-SF-0831,10,
EQ-05,Idle,2026-08-31 11:21,2026-08-31 14:26,,,,
EQ-05,Running,2026-08-31 14:26,2026-08-31 15:20,,BLK-SF-0831,10,
EQ-05,Idle,2026-08-31 15:20,2026-08-31 17:00,,,,
EQ-02,Setup,2026-08-31 08:15,2026-08-31 08:23,,,,
EQ-02,Running,2026-08-31 08:23,2026-08-31 12:02,,BLK-FG-0831,10,
EQ-02,Idle,2026-08-31 12:02,2026-08-31 12:54,,,,
EQ-02,Running,2026-08-31 12:54,2026-08-31 16:30,,BLK-FG-0831,10,
EQ-03,Idle,2026-08-31 08:00,2026-08-31 10:02,,,,
EQ-03,Running,2026-08-31 10:02,2026-08-31 12:00,,BLK-FG-0831,20,
EQ-03,Idle,2026-08-31 12:00,2026-08-31 12:50,,,,
EQ-03,Running,2026-08-31 12:50,2026-08-31 16:09,,BLK-FG-0831,20,
EQ-03,Idle,2026-08-31 16:09,2026-08-31 17:00,,,,
EQ-04,Setup,2026-08-31 14:45,2026-08-31 14:50,,,,
EQ-04,Running,2026-08-31 14:50,2026-08-31 17:00,,BLK-FG-0831,30,
EQ-01,Setup,2026-09-01 08:00,2026-09-01 08:20,,,,
EQ-01,Running,2026-09-01 08:20,2026-09-01 12:06,,BLK-SF-0831,10,
EQ-01,Idle,2026-09-01 12:06,2026-09-01 12:51,,,,
EQ-01,Running,2026-09-01 12:51,2026-09-01 14:34,,BLK-SF-0831,10,
EQ-01,Stopped,2026-09-01 14:34,2026-09-01 15:21,材料待ち,,,
EQ-01,Running,2026-09-01 15:21,2026-09-01 16:45,,BLK-SF-0831,10,
EQ-01,Setup,2026-09-01 20:00,2026-09-01 20:25,,,,
EQ-01,Running,2026-09-01 20:25,2026-09-01 23:51,,BLK-SF-0831,10,
EQ-01,Idle,2026-09-01 23:51,2026-09-02 00:37,,,,
EQ-01,Running,2026-09-02 00:37,2026-09-02 04:30,,BLK-SF-0831,10,
EQ-05,Setup,2026-09-01 08:00,2026-09-01 08:45,,,,
EQ-05,Running,2026-09-01 08:45,2026-09-01 11:32,,BLK-SF-0831,10,
EQ-05,Idle,2026-09-01 11:32,2026-09-01 13:31,,,,
EQ-05,Running,2026-09-01 13:31,2026-09-01 16:45,,BLK-SF-0831,10,
EQ-05,Idle,2026-09-01 16:45,2026-09-01 17:00,,,,
EQ-02,Setup,2026-09-01 08:15,2026-09-01 08:22,,,,
EQ-02,Running,2026-09-01 08:22,2026-09-01 12:00,,BLK-FG-0831,10,
EQ-02,Idle,2026-09-01 12:00,2026-09-01 13:10,,,,
EQ-02,Running,2026-09-01 13:10,2026-09-01 16:30,,BLK-FG-0831,10,
EQ-03,Idle,2026-09-01 08:00,2026-09-01 10:00,,,,
EQ-03,Running,2026-09-01 10:00,2026-09-01 12:09,,BLK-FG-0831,20,
EQ-03,Idle,2026-09-01 12:09,2026-09-01 13:03,,,,
EQ-03,Running,2026-09-01 13:03,2026-09-01 16:05,,BLK-FG-0831,20,
EQ-03,Idle,2026-09-01 16:05,2026-09-01 17:00,,,,
EQ-04,Setup,2026-09-01 14:45,2026-09-01 14:55,,,,
EQ-04,Running,2026-09-01 14:55,2026-09-01 17:00,,BLK-FG-0831,30,
EQ-01,Setup,2026-09-02 08:00,2026-09-02 08:38,,,,
EQ-01,Running,2026-09-02 08:38,2026-09-02 12:06,,BLK-SF-0831,10,
EQ-01,Idle,2026-09-02 12:06,2026-09-02 13:09,,,,
EQ-01,Running,2026-09-02 13:09,2026-09-02 16:45,,BLK-SF-0831,10,
EQ-01,Setup,2026-09-02 20:00,2026-09-02 20:26,,,,
EQ-01,Running,2026-09-02 20:26,2026-09-02 23:50,,BLK-SF-0831,10,
EQ-01,Idle,2026-09-02 23:50,2026-09-03 00:41,,,,
EQ-01,Running,2026-09-03 00:41,2026-09-03 04:30,,BLK-SF-0831,10,
EQ-05,Setup,2026-09-02 08:00,2026-09-02 08:39,,,,
EQ-05,Running,2026-09-02 08:39,2026-09-02 11:27,,BLK-SF-0831,10,
EQ-05,Idle,2026-09-02 11:27,2026-09-02 13:32,,,,
EQ-05,Running,2026-09-02 13:32,2026-09-02 16:41,,BLK-SF-0831,10,
EQ-05,Idle,2026-09-02 16:41,2026-09-02 17:00,,,,
EQ-02,Setup,2026-09-02 08:15,2026-09-02 08:33,,,,
EQ-02,Running,2026-09-02 08:33,2026-09-02 11:50,,BLK-FG-0831,10,
EQ-02,Idle,2026-09-02 11:50,2026-09-02 13:05,,,,
EQ-02,Running,2026-09-02 13:05,2026-09-02 16:30,,BLK-FG-0831,10,
EQ-03,Idle,2026-09-02 08:00,2026-09-02 09:56,,,,
EQ-03,Running,2026-09-02 09:56,2026-09-02 12:09,,BLK-FG-0831,20,
EQ-03,Idle,2026-09-02 12:09,2026-09-02 12:58,,,,
EQ-03,Running,2026-09-02 12:58,2026-09-02 16:06,,BLK-FG-0831,20,
EQ-03,Idle,2026-09-02 16:06,2026-09-02 17:00,,,,
EQ-04,Setup,2026-09-02 14:45,2026-09-02 15:02,,,,
EQ-04,Running,2026-09-02 15:02,2026-09-02 17:00,,BLK-FG-0831,30,
EQ-01,Setup,2026-09-03 08:00,2026-09-03 08:33,,,,
EQ-01,Running,2026-09-03 08:33,2026-09-03 12:07,,BLK-SF-0831,10,
EQ-01,Idle,2026-09-03 12:07,2026-09-03 12:54,,,,
EQ-01,Running,2026-09-03 12:54,2026-09-03 16:45,,BLK-SF-0831,10,
EQ-01,Setup,2026-09-03 20:00,2026-09-03 20:27,,,,
EQ-01,Running,2026-09-03 20:27,2026-09-04 00:00,,BLK-SF-0831,10,
EQ-01,Idle,2026-09-04 00:00,2026-09-04 00:43,,,,
EQ-01,Running,2026-09-04 00:43,2026-09-04 04:30,,BLK-SF-0831,10,
EQ-05,Setup,2026-09-03 08:00,2026-09-03 08:37,,,,
EQ-05,Running,2026-09-03 08:37,2026-09-03 11:34,,BLK-SF-0831,10,
EQ-05,Idle,2026-09-03 11:34,2026-09-03 13:36,,,,
EQ-05,Running,2026-09-03 13:36,2026-09-03 16:46,,BLK-SF-0831,10,
EQ-05,Idle,2026-09-03 16:46,2026-09-03 17:00,,,,
EQ-02,Setup,2026-09-03 08:15,2026-09-03 08:27,,,,
EQ-02,Running,2026-09-03 08:27,2026-09-03 12:09,,BLK-FG-0831,10,
EQ-02,Idle,2026-09-03 12:09,2026-09-03 13:03,,,,
EQ-02,Running,2026-09-03 13:03,2026-09-03 16:30,,BLK-FG-0831,10,
EQ-03,Idle,2026-09-03 08:00,2026-09-03 10:02,,,,
EQ-03,Running,2026-09-03 10:02,2026-09-03 12:02,,BLK-FG-0831,20,
EQ-03,Idle,2026-09-03 12:02,2026-09-03 13:03,,,,
EQ-03,Running,2026-09-03 13:03,2026-09-03 15:58,,BLK-FG-0831,20,
EQ-03,Idle,2026-09-03 15:58,2026-09-03 17:00,,,,
EQ-04,Setup,2026-09-03 14:45,2026-09-03 14:51,,,,
EQ-04,Running,2026-09-03 14:51,2026-09-03 17:00,,BLK-FG-0831,30,
EQ-01,Setup,2026-09-04 08:00,2026-09-04 08:36,,,,
EQ-01,Running,2026-09-04 08:36,2026-09-04 11:58,,BLK-SF-0831,10,
EQ-01,Idle,2026-09-04 11:58,2026-09-04 13:06,,,,
EQ-01,Running,2026-09-04 13:06,2026-09-04 16:45,,BLK-SF-0831,10,
EQ-01,Setup,2026-09-04 20:00,2026-09-04 20:25,,,,
EQ-01,Running,2026-09-04 20:25,2026-09-05 00:02,,BLK-SF-0831,10,
EQ-01,Idle,2026-09-05 00:02,2026-09-05 00:45,,,,
EQ-01,Running,2026-09-05 00:45,2026-09-05 04:30,,BLK-SF-0831,10,
EQ-05,Setup,2026-09-04 08:00,2026-09-04 08:43,,,,
EQ-05,Running,2026-09-04 08:43,2026-09-04 11:35,,BLK-SF-0831,10,
EQ-05,Idle,2026-09-04 11:35,2026-09-04 13:35,,,,
EQ-05,Running,2026-09-04 13:35,2026-09-04 16:43,,BLK-SF-0831,10,
EQ-05,Idle,2026-09-04 16:43,2026-09-04 17:00,,,,
EQ-02,Setup,2026-09-04 08:15,2026-09-04 08:40,,,,
EQ-02,Running,2026-09-04 08:40,2026-09-04 11:52,,BLK-FG-0831,10,
EQ-02,Idle,2026-09-04 11:52,2026-09-04 13:09,,,,
EQ-02,Running,2026-09-04 13:09,2026-09-04 16:30,,BLK-FG-0831,10,
EQ-03,Idle,2026-09-04 08:00,2026-09-04 10:00,,,,
EQ-03,Running,2026-09-04 10:00,2026-09-04 11:54,,BLK-FG-0831,20,
EQ-03,Idle,2026-09-04 11:54,2026-09-04 12:56,,,,
EQ-03,Running,2026-09-04 12:56,2026-09-04 15:59,,BLK-FG-0831,20,
EQ-03,Idle,2026-09-04 15:59,2026-09-04 17:00,,,,
EQ-04,Setup,2026-09-04 14:45,2026-09-04 15:07,,,,
EQ-04,Running,2026-09-04 15:07,2026-09-04 17:00,,BLK-FG-0831,30,
EQ-01,Setup,2026-09-07 08:00,2026-09-07 08:24,,,,
EQ-01,Running,2026-09-07 08:24,2026-09-07 11:50,,BLK-SF-0907,10,
EQ-01,Idle,2026-09-07 11:50,2026-09-07 13:00,,,,
EQ-01,Running,2026-09-07 13:00,2026-09-07 16:45,,BLK-SF-0907,10,
EQ-01,Setup,2026-09-07 20:00,2026-09-07 20:13,,,,
EQ-01,Running,2026-09-07 20:13,2026-09-08 00:01,,BLK-SF-0907,10,
EQ-01,Idle,2026-09-08 00:01,2026-09-08 00:41,,,,
EQ-01,Running,2026-09-08 00:41,2026-09-08 04:30,,BLK-SF-0907,10,
EQ-05,Setup,2026-09-07 08:00,2026-09-07 08:47,,,,
EQ-05,Running,2026-09-07 08:47,2026-09-07 11:40,,BLK-SF-0907,10,
EQ-05,Idle,2026-09-07 11:40,2026-09-07 13:24,,,,
EQ-05,Running,2026-09-07 13:24,2026-09-07 16:49,,BLK-SF-0907,10,
EQ-05,Idle,2026-09-07 16:49,2026-09-07 17:00,,,,
EQ-02,Setup,2026-09-07 08:15,2026-09-07 08:22,,,,
EQ-02,Running,2026-09-07 08:22,2026-09-07 12:07,,BLK-FG-0907,10,
EQ-02,Idle,2026-09-07 12:07,2026-09-07 13:10,,,,
EQ-02,Running,2026-09-07 13:10,2026-09-07 16:30,,BLK-FG-0907,10,
EQ-03,Idle,2026-09-07 08:00,2026-09-07 09:51,,,,
EQ-03,Running,2026-09-07 09:51,2026-09-07 12:10,,BLK-FG-0907,20,
EQ-03,Idle,2026-09-07 12:10,2026-09-07 12:56,,,,
EQ-03,Running,2026-09-07 12:56,2026-09-07 15:52,,BLK-FG-0907,20,
EQ-03,Idle,2026-09-07 15:52,2026-09-07 17:00,,,,
EQ-04,Setup,2026-09-07 14:45,2026-09-07 14:55,,,,
EQ-04,Running,2026-09-07 14:55,2026-09-07 17:00,,BLK-FG-0907,30,
EQ-01,Setup,2026-09-08 08:00,2026-09-08 08:37,,,,
EQ-01,Running,2026-09-08 08:37,2026-09-08 11:58,,BLK-SF-0907,10,
EQ-01,Idle,2026-09-08 11:58,2026-09-08 12:52,,,,
EQ-01,Running,2026-09-08 12:52,2026-09-08 16:45,,BLK-SF-0907,10,
EQ-01,Setup,2026-09-08 20:00,2026-09-08 20:24,,,,
EQ-01,Running,2026-09-08 20:24,2026-09-09 00:01,,BLK-SF-0907,10,
EQ-01,Idle,2026-09-09 00:01,2026-09-09 00:36,,,,
EQ-01,Running,2026-09-09 00:36,2026-09-09 04:30,,BLK-SF-0907,10,
EQ-05,Setup,2026-09-08 08:00,2026-09-08 08:54,,,,
EQ-05,Running,2026-09-08 08:54,2026-09-08 11:39,,BLK-SF-0907,10,
EQ-05,Idle,2026-09-08 11:39,2026-09-08 13:36,,,,
EQ-05,Running,2026-09-08 13:36,2026-09-08 16:41,,BLK-SF-0907,10,
EQ-05,Idle,2026-09-08 16:41,2026-09-08 17:00,,,,
EQ-02,Setup,2026-09-08 08:15,2026-09-08 08:31,,,,
EQ-02,Running,2026-09-08 08:31,2026-09-08 12:07,,BLK-FG-0907,10,
EQ-02,Idle,2026-09-08 12:07,2026-09-08 12:51,,,,
EQ-02,Running,2026-09-08 12:51,2026-09-08 16:30,,BLK-FG-0907,10,
EQ-03,Idle,2026-09-08 08:00,2026-09-08 09:54,,,,
EQ-03,Running,2026-09-08 09:54,2026-09-08 11:52,,BLK-FG-0907,20,
EQ-03,Idle,2026-09-08 11:52,2026-09-08 13:03,,,,
EQ-03,Running,2026-09-08 13:03,2026-09-08 15:51,,BLK-FG-0907,20,
EQ-03,Idle,2026-09-08 15:51,2026-09-08 17:00,,,,
EQ-04,Setup,2026-09-08 14:45,2026-09-08 15:08,,,,
EQ-04,Running,2026-09-08 15:08,2026-09-08 17:00,,BLK-FG-0907,30,
EQ-01,Setup,2026-09-09 08:00,2026-09-09 08:20,,,,
EQ-01,Running,2026-09-09 08:20,2026-09-09 12:05,,BLK-SF-0907,10,
EQ-01,Idle,2026-09-09 12:05,2026-09-09 13:09,,,,
EQ-01,Running,2026-09-09 13:09,2026-09-09 16:45,,BLK-SF-0907,10,
EQ-01,Setup,2026-09-09 20:00,2026-09-09 20:28,,,,
EQ-01,Running,2026-09-09 20:28,2026-09-10 00:00,,BLK-SF-0907,10,
EQ-01,Idle,2026-09-10 00:00,2026-09-10 00:42,,,,
EQ-01,Running,2026-09-10 00:42,2026-09-10 04:30,,BLK-SF-0907,10,
EQ-05,Setup,2026-09-09 08:00,2026-09-09 08:45,,,,
EQ-05,Running,2026-09-09 08:45,2026-09-09 11:37,,BLK-SF-0907,10,
EQ-05,Idle,2026-09-09 11:37,2026-09-09 13:38,,,,
EQ-05,Running,2026-09-09 13:38,2026-09-09 16:32,,BLK-SF-0907,10,
EQ-05,Idle,2026-09-09 16:32,2026-09-09 17:00,,,,
EQ-02,Setup,2026-09-09 08:15,2026-09-09 08:31,,,,
EQ-02,Running,2026-09-09 08:31,2026-09-09 11:57,,BLK-FG-0907,10,
EQ-02,Idle,2026-09-09 11:57,2026-09-09 12:58,,,,
EQ-02,Running,2026-09-09 12:58,2026-09-09 16:30,,BLK-FG-0907,10,
EQ-03,Idle,2026-09-09 08:00,2026-09-09 10:09,,,,
EQ-03,Running,2026-09-09 10:09,2026-09-09 11:54,,BLK-FG-0907,20,
EQ-03,Idle,2026-09-09 11:54,2026-09-09 13:05,,,,
EQ-03,Running,2026-09-09 13:05,2026-09-09 16:04,,BLK-FG-0907,20,
EQ-03,Idle,2026-09-09 16:04,2026-09-09 17:00,,,,
EQ-04,Setup,2026-09-09 14:45,2026-09-09 14:51,,,,
EQ-04,Running,2026-09-09 14:51,2026-09-09 17:00,,BLK-FG-0907,30,
EQ-01,Setup,2026-09-10 08:00,2026-09-10 08:33,,,,
EQ-01,Running,2026-09-10 08:33,2026-09-10 12:04,,BLK-SF-0907,10,
EQ-01,Idle,2026-09-10 12:04,2026-09-10 12:57,,,,
EQ-01,Running,2026-09-10 12:57,2026-09-10 14:22,,BLK-SF-0907,10,
EQ-01,Stopped,2026-09-10 14:22,2026-09-10 15:08,材料待ち,,,
EQ-01,Running,2026-09-10 15:08,2026-09-10 16:45,,BLK-SF-0907,10,
EQ-01,Setup,2026-09-10 20:00,2026-09-10 20:30,,,,
EQ-01,Running,2026-09-10 20:30,2026-09-11 00:06,,BLK-SF-0907,10,
EQ-01,Idle,2026-09-11 00:06,2026-09-11 00:52,,,,
EQ-01,Running,2026-09-11 00:52,2026-09-11 04:30,,BLK-SF-0907,10,
EQ-05,Setup,2026-09-10 08:00,2026-09-10 08:49,,,,
EQ-05,Running,2026-09-10 08:49,2026-09-10 11:40,,BLK-SF-0907,10,
EQ-05,Idle,2026-09-10 11:40,2026-09-10 13:35,,,,
EQ-05,Running,2026-09-10 13:35,2026-09-10 16:44,,BLK-SF-0907,10,
EQ-05,Idle,2026-09-10 16:44,2026-09-10 17:00,,,,
EQ-02,Setup,2026-09-10 08:15,2026-09-10 08:21,,,,
EQ-02,Running,2026-09-10 08:21,2026-09-10 11:50,,BLK-FG-0907,10,
EQ-02,Idle,2026-09-10 11:50,2026-09-10 12:59,,,,
EQ-02,Running,2026-09-10 12:59,2026-09-10 16:30,,BLK-FG-0907,10,
EQ-03,Idle,2026-09-10 08:00,2026-09-10 09:53,,,,
EQ-03,Running,2026-09-10 09:53,2026-09-10 12:05,,BLK-FG-0907,20,
EQ-03,Idle,2026-09-10 12:05,2026-09-10 13:05,,,,
EQ-03,Running,2026-09-10 13:05,2026-09-10 15:53,,BLK-FG-0907,20,
EQ-03,Idle,2026-09-10 15:53,2026-09-10 17:00,,,,
EQ-04,Setup,2026-09-10 14:45,2026-09-10 15:02,,,,
EQ-04,Running,2026-09-10 15:02,2026-09-10 17:00,,BLK-FG-0907,30,
EQ-01,Setup,2026-09-11 08:00,2026-09-11 08:37,,,,
EQ-01,Running,2026-09-11 08:37,2026-09-11 11:51,,BLK-SF-0907,10,
EQ-01,Idle,2026-09-11 11:51,2026-09-11 12:59,,,,
EQ-01,Running,2026-09-11 12:59,2026-09-11 16:45,,BLK-SF-0907,10,
EQ-01,Setup,2026-09-11 20:00,2026-09-11 20:17,,,,
EQ-01,Running,2026-09-11 20:17,2026-09-11 23:54,,BLK-SF-0907,10,
EQ-01,Idle,2026-09-11 23:54,2026-09-12 00:39,,,,
EQ-01,Running,2026-09-12 00:39,2026-09-12 04:30,,BLK-SF-0907,10,
EQ-05,Setup,2026-09-11 08:00,2026-09-11 08:51,,,,
EQ-05,Running,2026-09-11 08:51,2026-09-11 11:39,,BLK-SF-0907,10,
EQ-05,Idle,2026-09-11 11:39,2026-09-11 13:20,,,,
EQ-05,Running,2026-09-11 13:20,2026-09-11 16:49,,BLK-SF-0907,10,
EQ-05,Idle,2026-09-11 16:49,2026-09-11 17:00,,,,
EQ-02,Setup,2026-09-11 08:15,2026-09-11 08:23,,,,
EQ-02,Running,2026-09-11 08:23,2026-09-11 12:00,,BLK-FG-0907,10,
EQ-02,Idle,2026-09-11 12:00,2026-09-11 13:05,,,,
EQ-02,Running,2026-09-11 13:05,2026-09-11 16:30,,BLK-FG-0907,10,
EQ-03,Idle,2026-09-11 08:00,2026-09-11 10:04,,,,
EQ-03,Running,2026-09-11 10:04,2026-09-11 12:08,,BLK-FG-0907,20,
EQ-03,Idle,2026-09-11 12:08,2026-09-11 13:01,,,,
EQ-03,Running,2026-09-11 13:01,2026-09-11 15:54,,BLK-FG-0907,20,
EQ-03,Idle,2026-09-11 15:54,2026-09-11 17:00,,,,
EQ-04,Setup,2026-09-11 14:45,2026-09-11 15:03,,,,
EQ-04,Running,2026-09-11 15:03,2026-09-11 17:00,,BLK-FG-0907,30,
EQ-01,Setup,2026-09-14 08:00,2026-09-14 08:36,,,,
EQ-01,Running,2026-09-14 08:36,2026-09-14 12:05,,BLK-SF-0914,10,
EQ-01,Idle,2026-09-14 12:05,2026-09-14 13:10,,,,
EQ-01,Running,2026-09-14 13:10,2026-09-14 16:45,,BLK-SF-0914,10,
EQ-01,Setup,2026-09-14 20:00,2026-09-14 20:13,,,,
EQ-01,Running,2026-09-14 20:13,2026-09-15 00:03,,BLK-SF-0914,10,
EQ-01,Idle,2026-09-15 00:03,2026-09-15 00:40,,,,
EQ-01,Running,2026-09-15 00:40,2026-09-15 04:30,,BLK-SF-0914,10,
EQ-05,Setup,2026-09-14 08:00,2026-09-14 08:48,,,,
EQ-05,Running,2026-09-14 08:48,2026-09-14 11:37,,BLK-SF-0914,10,
EQ-05,Idle,2026-09-14 11:37,2026-09-14 13:40,,,,
EQ-05,Running,2026-09-14 13:40,2026-09-14 16:35,,BLK-SF-0914,10,
EQ-05,Idle,2026-09-14 16:35,2026-09-14 17:00,,,,
EQ-02,Setup,2026-09-14 08:15,2026-09-14 08:26,,,,
EQ-02,Running,2026-09-14 08:26,2026-09-14 12:10,,BLK-FG-0914,10,
EQ-02,Idle,2026-09-14 12:10,2026-09-14 13:00,,,,
EQ-02,Running,2026-09-14 13:00,2026-09-14 16:30,,BLK-FG-0914,10,
EQ-03,Idle,2026-09-14 08:00,2026-09-14 09:53,,,,
EQ-03,Running,2026-09-14 09:53,2026-09-14 11:53,,BLK-FG-0914,20,
EQ-03,Idle,2026-09-14 11:53,2026-09-14 12:54,,,,
EQ-03,Running,2026-09-14 12:54,2026-09-14 15:54,,BLK-FG-0914,20,
EQ-03,Idle,2026-09-14 15:54,2026-09-14 17:00,,,,
EQ-04,Setup,2026-09-14 14:45,2026-09-14 15:01,,,,
EQ-04,Running,2026-09-14 15:01,2026-09-14 17:00,,BLK-FG-0914,30,
EQ-01,Setup,2026-09-15 08:00,2026-09-15 08:35,,,,
EQ-01,Running,2026-09-15 08:35,2026-09-15 11:52,,BLK-SF-0914,10,
EQ-01,Idle,2026-09-15 11:52,2026-09-15 13:06,,,,
EQ-01,Running,2026-09-15 13:06,2026-09-15 16:45,,BLK-SF-0914,10,
EQ-01,Setup,2026-09-15 20:00,2026-09-15 20:20,,,,
EQ-01,Running,2026-09-15 20:20,2026-09-16 00:07,,BLK-SF-0914,10,
EQ-01,Idle,2026-09-16 00:07,2026-09-16 00:38,,,,
EQ-01,Running,2026-09-16 00:38,2026-09-16 04:30,,BLK-SF-0914,10,
EQ-05,Setup,2026-09-15 08:00,2026-09-15 08:47,,,,
EQ-05,Running,2026-09-15 08:47,2026-09-15 11:40,,BLK-SF-0914,10,
EQ-05,Idle,2026-09-15 11:40,2026-09-15 13:33,,,,
EQ-05,Running,2026-09-15 13:33,2026-09-15 16:35,,BLK-SF-0914,10,
EQ-05,Idle,2026-09-15 16:35,2026-09-15 17:00,,,,
EQ-02,Setup,2026-09-15 08:15,2026-09-15 08:37,,,,
EQ-02,Running,2026-09-15 08:37,2026-09-15 12:09,,BLK-FG-0914,10,
EQ-02,Idle,2026-09-15 12:09,2026-09-15 12:55,,,,
EQ-02,Running,2026-09-15 12:55,2026-09-15 16:30,,BLK-FG-0914,10,
EQ-03,Idle,2026-09-15 08:00,2026-09-15 09:52,,,,
EQ-03,Running,2026-09-15 09:52,2026-09-15 11:54,,BLK-FG-0914,20,
EQ-03,Idle,2026-09-15 11:54,2026-09-15 12:50,,,,
EQ-03,Running,2026-09-15 12:50,2026-09-15 16:09,,BLK-FG-0914,20,
EQ-03,Idle,2026-09-15 16:09,2026-09-15 17:00,,,,
EQ-04,Setup,2026-09-15 14:45,2026-09-15 14:59,,,,
EQ-04,Running,2026-09-15 14:59,2026-09-15 17:00,,BLK-FG-0914,30,
EQ-01,Setup,2026-09-16 08:00,2026-09-16 08:24,,,,
EQ-01,Running,2026-09-16 08:24,2026-09-16 12:00,,BLK-SF-0914,10,
EQ-01,Idle,2026-09-16 12:00,2026-09-16 13:10,,,,
EQ-01,Running,2026-09-16 13:10,2026-09-16 16:45,,BLK-SF-0914,10,
EQ-01,Setup,2026-09-16 20:00,2026-09-16 20:27,,,,
EQ-01,Running,2026-09-16 20:27,2026-09-16 23:50,,BLK-SF-0914,10,
EQ-01,Idle,2026-09-16 23:50,2026-09-17 00:49,,,,
EQ-01,Running,2026-09-17 00:49,2026-09-17 04:30,,BLK-SF-0914,10,
EQ-05,Setup,2026-09-16 08:00,2026-09-16 08:37,,,,
EQ-05,Running,2026-09-16 08:37,2026-09-16 11:37,,BLK-SF-0914,10,
EQ-05,Idle,2026-09-16 11:37,2026-09-16 13:30,,,,
EQ-05,Running,2026-09-16 13:30,2026-09-16 16:42,,BLK-SF-0914,10,
EQ-05,Idle,2026-09-16 16:42,2026-09-16 17:00,,,,
EQ-02,Setup,2026-09-16 08:15,2026-09-16 08:37,,,,
EQ-02,Running,2026-09-16 08:37,2026-09-16 12:09,,BLK-FG-0914,10,
EQ-02,Idle,2026-09-16 12:09,2026-09-16 13:03,,,,
EQ-02,Running,2026-09-16 13:03,2026-09-16 16:30,,BLK-FG-0914,10,
EQ-03,Idle,2026-09-16 08:00,2026-09-16 10:09,,,,
EQ-03,Running,2026-09-16 10:09,2026-09-16 11:53,,BLK-FG-0914,20,
EQ-03,Idle,2026-09-16 11:53,2026-09-16 13:05,,,,
EQ-03,Running,2026-09-16 13:05,2026-09-16 15:52,,BLK-FG-0914,20,
EQ-03,Idle,2026-09-16 15:52,2026-09-16 17:00,,,,
EQ-04,Setup,2026-09-16 14:45,2026-09-16 14:54,,,,
EQ-04,Running,2026-09-16 14:54,2026-09-16 17:00,,BLK-FG-0914,30,
EQ-01,Setup,2026-09-17 08:00,2026-09-17 08:39,,,,
EQ-01,Running,2026-09-17 08:39,2026-09-17 11:56,,BLK-SF-0914,10,
EQ-01,Idle,2026-09-17 11:56,2026-09-17 13:07,,,,
EQ-01,Running,2026-09-17 13:07,2026-09-17 16:45,,BLK-SF-0914,10,
EQ-01,Setup,2026-09-17 20:00,2026-09-17 20:30,,,,
EQ-01,Running,2026-09-17 20:30,2026-09-18 00:07,,BLK-SF-0914,10,
EQ-01,Idle,2026-09-18 00:07,2026-09-18 00:51,,,,
EQ-01,Running,2026-09-18 00:51,2026-09-18 04:30,,BLK-SF-0914,10,
EQ-05,Setup,2026-09-17 08:00,2026-09-17 08:38,,,,
EQ-05,Running,2026-09-17 08:38,2026-09-17 11:26,,BLK-SF-0914,10,
EQ-05,Idle,2026-09-17 11:26,2026-09-17 13:34,,,,
EQ-05,Running,2026-09-17 13:34,2026-09-17 16:34,,BLK-SF-0914,10,
EQ-05,Idle,2026-09-17 16:34,2026-09-17 17:00,,,,
EQ-02,Setup,2026-09-17 08:15,2026-09-17 08:32,,,,
EQ-02,Running,2026-09-17 08:32,2026-09-17 12:10,,BLK-FG-0914,10,
EQ-02,Idle,2026-09-17 12:10,2026-09-17 12:54,,,,
EQ-02,Running,2026-09-17 12:54,2026-09-17 16:30,,BLK-FG-0914,10,
EQ-03,Idle,2026-09-17 08:00,2026-09-17 09:59,,,,
EQ-03,Running,2026-09-17 09:59,2026-09-17 11:51,,BLK-FG-0914,20,
EQ-03,Idle,2026-09-17 11:51,2026-09-17 13:10,,,,
EQ-03,Running,2026-09-17 13:10,2026-09-17 15:54,,BLK-FG-0914,20,
EQ-03,Idle,2026-09-17 15:54,2026-09-17 17:00,,,,
EQ-04,Setup,2026-09-17 14:45,2026-09-17 14:55,,,,
EQ-04,Running,2026-09-17 14:55,2026-09-17 17:00,,BLK-FG-0914,30,
EQ-01,Setup,2026-09-18 08:00,2026-09-18 08:35,,,,
EQ-01,Running,2026-09-18 08:35,2026-09-18 11:53,,BLK-SF-0914,10,
EQ-01,Idle,2026-09-18 11:53,2026-09-18 12:56,,,,
EQ-01,Running,2026-09-18 12:56,2026-09-18 14:32,,BLK-SF-0914,10,
EQ-01,Stopped,2026-09-18 14:32,2026-09-18 15:16,材料待ち,,,
EQ-01,Running,2026-09-18 15:16,2026-09-18 16:45,,BLK-SF-0914,10,
EQ-01,Setup,2026-09-18 20:00,2026-09-18 20:16,,,,
EQ-01,Running,2026-09-18 20:16,2026-09-19 00:05,,BLK-SF-0914,10,
EQ-01,Idle,2026-09-19 00:05,2026-09-19 00:35,,,,
EQ-01,Running,2026-09-19 00:35,2026-09-19 04:30,,BLK-SF-0914,10,
EQ-05,Setup,2026-09-18 08:00,2026-09-18 08:53,,,,
EQ-05,Running,2026-09-18 08:53,2026-09-18 11:24,,BLK-SF-0914,10,
EQ-05,Idle,2026-09-18 11:24,2026-09-18 13:34,,,,
EQ-05,Running,2026-09-18 13:34,2026-09-18 16:43,,BLK-SF-0914,10,
EQ-05,Idle,2026-09-18 16:43,2026-09-18 17:00,,,,
EQ-02,Setup,2026-09-18 08:15,2026-09-18 08:20,,,,
EQ-02,Running,2026-09-18 08:20,2026-09-18 11:59,,BLK-FG-0914,10,
EQ-02,Idle,2026-09-18 11:59,2026-09-18 13:08,,,,
EQ-02,Running,2026-09-18 13:08,2026-09-18 16:30,,BLK-FG-0914,10,
EQ-03,Idle,2026-09-18 08:00,2026-09-18 09:58,,,,
EQ-03,Running,2026-09-18 09:58,2026-09-18 12:07,,BLK-FG-0914,20,
EQ-03,Idle,2026-09-18 12:07,2026-09-18 12:51,,,,
EQ-03,Running,2026-09-18 12:51,2026-09-18 15:51,,BLK-FG-0914,20,
EQ-03,Idle,2026-09-18 15:51,2026-09-18 17:00,,,,
EQ-04,Setup,2026-09-18 14:45,2026-09-18 15:05,,,,
EQ-04,Running,2026-09-18 15:05,2026-09-18 17:00,,BLK-FG-0914,30,
